CREATE DATABASE  IF NOT EXISTS `B303` /*!40100 DEFAULT CHARACTER SET utf8mb4 COLLATE utf8mb4_0900_ai_ci */ /*!80016 DEFAULT ENCRYPTION='N' */;
USE `B303`;
-- MySQL dump 10.13  Distrib 8.0.29, for Win64 (x86_64)
--
-- Host: j7b303.p.ssafy.io    Database: B303
-- ------------------------------------------------------
-- Server version	8.0.30

/*!40101 SET @OLD_CHARACTER_SET_CLIENT=@@CHARACTER_SET_CLIENT */;
/*!40101 SET @OLD_CHARACTER_SET_RESULTS=@@CHARACTER_SET_RESULTS */;
/*!40101 SET @OLD_COLLATION_CONNECTION=@@COLLATION_CONNECTION */;
/*!50503 SET NAMES utf8 */;
/*!40103 SET @OLD_TIME_ZONE=@@TIME_ZONE */;
/*!40103 SET TIME_ZONE='+00:00' */;
/*!40014 SET @OLD_UNIQUE_CHECKS=@@UNIQUE_CHECKS, UNIQUE_CHECKS=0 */;
/*!40014 SET @OLD_FOREIGN_KEY_CHECKS=@@FOREIGN_KEY_CHECKS, FOREIGN_KEY_CHECKS=0 */;
/*!40101 SET @OLD_SQL_MODE=@@SQL_MODE, SQL_MODE='NO_AUTO_VALUE_ON_ZERO' */;
/*!40111 SET @OLD_SQL_NOTES=@@SQL_NOTES, SQL_NOTES=0 */;

--
-- Table structure for table `aerich`
--

DROP TABLE IF EXISTS `aerich`;
/*!40101 SET @saved_cs_client     = @@character_set_client */;
/*!50503 SET character_set_client = utf8mb4 */;
CREATE TABLE `aerich` (
  `id` int NOT NULL AUTO_INCREMENT,
  `version` varchar(255) NOT NULL,
  `app` varchar(100) NOT NULL,
  `content` json NOT NULL,
  PRIMARY KEY (`id`)
) ENGINE=InnoDB AUTO_INCREMENT=2 DEFAULT CHARSET=utf8mb4 COLLATE=utf8mb4_0900_ai_ci;
/*!40101 SET character_set_client = @saved_cs_client */;

--
-- Dumping data for table `aerich`
--

LOCK TABLES `aerich` WRITE;
/*!40000 ALTER TABLE `aerich` DISABLE KEYS */;
INSERT INTO `aerich` VALUES (1,'0_20220914153004_init.sql','b303','{\"b303.Tag\": {\"app\": \"b303\", \"name\": \"b303.Tag\", \"table\": \"tag\", \"indexes\": [], \"abstract\": false, \"pk_field\": {\"name\": \"id\", \"unique\": true, \"default\": null, \"indexed\": true, \"nullable\": false, \"db_column\": \"id\", \"docstring\": null, \"generated\": true, \"field_type\": \"IntField\", \"constraints\": {\"ge\": 1, \"le\": 2147483647}, \"description\": null, \"python_type\": \"int\", \"db_field_types\": {\"\": \"INT\"}}, \"docstring\": null, \"fk_fields\": [], \"m2m_fields\": [{\"name\": \"recipe_tag\", \"unique\": false, \"default\": null, \"indexed\": false, \"through\": \"recipetag\", \"nullable\": false, \"docstring\": null, \"generated\": false, \"on_delete\": \"CASCADE\", \"_generated\": true, \"field_type\": \"ManyToManyFieldInstance\", \"model_name\": \"b303.Recipe\", \"constraints\": {}, \"description\": \"레시피 관련 태그\", \"forward_key\": \"recipe_id\", \"python_type\": \"b303.Recipe\", \"backward_key\": \"tag_id\", \"related_name\": \"tags\", \"db_constraint\": true}], \"o2o_fields\": [], \"data_fields\": [{\"name\": \"name\", \"unique\": false, \"default\": null, \"indexed\": false, \"nullable\": false, \"db_column\": \"name\", \"docstring\": null, \"generated\": false, \"field_type\": \"CharField\", \"constraints\": {\"max_length\": 30}, \"description\": null, \"python_type\": \"str\", \"db_field_types\": {\"\": \"VARCHAR(30)\"}}], \"description\": null, \"unique_together\": [], \"backward_fk_fields\": [], \"backward_o2o_fields\": []}, \"b303.User\": {\"app\": \"b303\", \"name\": \"b303.User\", \"table\": \"user\", \"indexes\": [], \"abstract\": false, \"pk_field\": {\"name\": \"id\", \"unique\": true, \"default\": null, \"indexed\": true, \"nullable\": false, \"db_column\": \"id\", \"docstring\": null, \"generated\": true, \"field_type\": \"IntField\", \"constraints\": {\"ge\": 1, \"le\": 2147483647}, \"description\": null, \"python_type\": \"int\", \"db_field_types\": {\"\": \"INT\"}}, \"docstring\": null, \"fk_fields\": [], \"m2m_fields\": [{\"name\": \"following\", \"unique\": false, \"default\": null, \"indexed\": false, \"through\": \"follow\", \"nullable\": false, \"docstring\": null, \"generated\": false, \"on_delete\": \"CASCADE\", \"_generated\": false, \"field_type\": \"ManyToManyFieldInstance\", \"model_name\": \"b303.User\", \"constraints\": {}, \"description\": null, \"forward_key\": \"user_id\", \"python_type\": \"b303.User\", \"backward_key\": \"user_rel_id\", \"related_name\": \"followers\", \"db_constraint\": true}, {\"name\": \"followers\", \"unique\": false, \"default\": null, \"indexed\": false, \"through\": \"follow\", \"nullable\": false, \"docstring\": null, \"generated\": false, \"on_delete\": \"CASCADE\", \"_generated\": true, \"field_type\": \"ManyToManyFieldInstance\", \"model_name\": \"b303.User\", \"constraints\": {}, \"description\": null, \"forward_key\": \"user_rel_id\", \"python_type\": \"b303.User\", \"backward_key\": \"user_id\", \"related_name\": \"following\", \"db_constraint\": true}, {\"name\": \"like_articles\", \"unique\": false, \"default\": null, \"indexed\": false, \"through\": \"likearticle\", \"nullable\": false, \"docstring\": null, \"generated\": false, \"on_delete\": \"CASCADE\", \"_generated\": true, \"field_type\": \"ManyToManyFieldInstance\", \"model_name\": \"b303.Article\", \"constraints\": {}, \"description\": null, \"forward_key\": \"article_id\", \"python_type\": \"b303.Article\", \"backward_key\": \"user_id\", \"related_name\": \"like_users\", \"db_constraint\": true}, {\"name\": \"like_cookings\", \"unique\": false, \"default\": null, \"indexed\": false, \"through\": \"likecooking\", \"nullable\": false, \"docstring\": null, \"generated\": false, \"on_delete\": \"CASCADE\", \"_generated\": true, \"field_type\": \"ManyToManyFieldInstance\", \"model_name\": \"b303.Cooking\", \"constraints\": {}, \"description\": null, \"forward_key\": \"cooking_id\", \"python_type\": \"b303.Cooking\", \"backward_key\": \"user_id\", \"related_name\": \"like_users\", \"db_constraint\": true}, {\"name\": \"like_recipes\", \"unique\": false, \"default\": null, \"indexed\": false, \"through\": \"likerecipe\", \"nullable\": false, \"docstring\": null, \"generated\": false, \"on_delete\": \"CASCADE\", \"_generated\": true, \"field_type\": \"ManyToManyFieldInstance\", \"model_name\": \"b303.Recipe\", \"constraints\": {}, \"description\": null, \"forward_key\": \"recipe_id\", \"python_type\": \"b303.Recipe\", \"backward_key\": \"user_id\", \"related_name\": \"like_users\", \"db_constraint\": true}], \"o2o_fields\": [], \"data_fields\": [{\"name\": \"email\", \"unique\": false, \"default\": null, \"indexed\": false, \"nullable\": false, \"db_column\": \"email\", \"docstring\": null, \"generated\": false, \"field_type\": \"CharField\", \"constraints\": {\"max_length\": 30}, \"description\": null, \"python_type\": \"str\", \"db_field_types\": {\"\": \"VARCHAR(30)\"}}, {\"name\": \"nickname\", \"unique\": false, \"default\": null, \"indexed\": false, \"nullable\": false, \"db_column\": \"nickname\", \"docstring\": null, \"generated\": false, \"field_type\": \"CharField\", \"constraints\": {\"max_length\": 20}, \"description\": null, \"python_type\": \"str\", \"db_field_types\": {\"\": \"VARCHAR(20)\"}}, {\"name\": \"password\", \"unique\": false, \"default\": null, \"indexed\": false, \"nullable\": false, \"db_column\": \"password\", \"docstring\": null, \"generated\": false, \"field_type\": \"CharField\", \"constraints\": {\"max_length\": 100}, \"description\": null, \"python_type\": \"str\", \"db_field_types\": {\"\": \"VARCHAR(100)\"}}, {\"name\": \"img_url\", \"unique\": false, \"default\": null, \"indexed\": false, \"nullable\": true, \"db_column\": \"img_url\", \"docstring\": null, \"generated\": false, \"field_type\": \"CharField\", \"constraints\": {\"max_length\": 200}, \"description\": \"프로필 사진 url\", \"python_type\": \"str\", \"db_field_types\": {\"\": \"VARCHAR(200)\"}}, {\"name\": \"about_me\", \"unique\": false, \"default\": null, \"indexed\": false, \"nullable\": true, \"db_column\": \"about_me\", \"docstring\": null, \"generated\": false, \"field_type\": \"CharField\", \"constraints\": {\"max_length\": 300}, \"description\": \"자기소개 글\", \"python_type\": \"str\", \"db_field_types\": {\"\": \"VARCHAR(300)\"}}, {\"name\": \"is_active\", \"unique\": false, \"default\": true, \"indexed\": false, \"nullable\": false, \"db_column\": \"is_active\", \"docstring\": null, \"generated\": false, \"field_type\": \"BooleanField\", \"constraints\": {}, \"description\": null, \"python_type\": \"bool\", \"db_field_types\": {\"\": \"BOOL\", \"mssql\": \"BIT\", \"oracle\": \"NUMBER(1)\", \"sqlite\": \"INT\"}}, {\"name\": \"is_admin\", \"unique\": false, \"default\": false, \"indexed\": false, \"nullable\": false, \"db_column\": \"is_admin\", \"docstring\": null, \"generated\": false, \"field_type\": \"BooleanField\", \"constraints\": {}, \"description\": null, \"python_type\": \"bool\", \"db_field_types\": {\"\": \"BOOL\", \"mssql\": \"BIT\", \"oracle\": \"NUMBER(1)\", \"sqlite\": \"INT\"}}], \"description\": null, \"unique_together\": [], \"backward_fk_fields\": [{\"name\": \"articles\", \"unique\": false, \"default\": null, \"indexed\": false, \"nullable\": false, \"docstring\": null, \"generated\": false, \"field_type\": \"BackwardFKRelation\", \"constraints\": {}, \"description\": \"글 작성자\", \"python_type\": \"b303.Article\", \"db_constraint\": true}, {\"name\": \"article_comments\", \"unique\": false, \"default\": null, \"indexed\": false, \"nullable\": false, \"docstring\": null, \"generated\": false, \"field_type\": \"BackwardFKRelation\", \"constraints\": {}, \"description\": null, \"python_type\": \"b303.ArticleComment\", \"db_constraint\": true}, {\"name\": \"cookings\", \"unique\": false, \"default\": null, \"indexed\": false, \"nullable\": false, \"docstring\": null, \"generated\": false, \"field_type\": \"BackwardFKRelation\", \"constraints\": {}, \"description\": \"갤러리 작성자\", \"python_type\": \"b303.Cooking\", \"db_constraint\": true}, {\"name\": \"cooking_comments\", \"unique\": false, \"default\": null, \"indexed\": false, \"nullable\": false, \"docstring\": null, \"generated\": false, \"field_type\": \"BackwardFKRelation\", \"constraints\": {}, \"description\": null, \"python_type\": \"b303.CookingComment\", \"db_constraint\": true}, {\"name\": \"likearticles\", \"unique\": false, \"default\": null, \"indexed\": false, \"nullable\": false, \"docstring\": null, \"generated\": false, \"field_type\": \"BackwardFKRelation\", \"constraints\": {}, \"description\": null, \"python_type\": \"b303.LikeArticle\", \"db_constraint\": true}, {\"name\": \"likecookings\", \"unique\": false, \"default\": null, \"indexed\": false, \"nullable\": false, \"docstring\": null, \"generated\": false, \"field_type\": \"BackwardFKRelation\", \"constraints\": {}, \"description\": null, \"python_type\": \"b303.LikeCooking\", \"db_constraint\": true}, {\"name\": \"notices\", \"unique\": false, \"default\": null, \"indexed\": false, \"nullable\": false, \"docstring\": null, \"generated\": false, \"field_type\": \"BackwardFKRelation\", \"constraints\": {}, \"description\": \"공지 작성자\", \"python_type\": \"b303.Notice\", \"db_constraint\": true}, {\"name\": \"likerecipes\", \"unique\": false, \"default\": null, \"indexed\": false, \"nullable\": false, \"docstring\": null, \"generated\": false, \"field_type\": \"BackwardFKRelation\", \"constraints\": {}, \"description\": null, \"python_type\": \"b303.LikeRecipe\", \"db_constraint\": true}, {\"name\": \"recipes\", \"unique\": false, \"default\": null, \"indexed\": false, \"nullable\": false, \"docstring\": null, \"generated\": false, \"field_type\": \"BackwardFKRelation\", \"constraints\": {}, \"description\": \"레시피 작성자\", \"python_type\": \"b303.Recipe\", \"db_constraint\": true}, {\"name\": \"recipe_comments\", \"unique\": false, \"default\": null, \"indexed\": false, \"nullable\": false, \"docstring\": null, \"generated\": false, \"field_type\": \"BackwardFKRelation\", \"constraints\": {}, \"description\": null, \"python_type\": \"b303.RecipeComment\", \"db_constraint\": true}], \"backward_o2o_fields\": []}, \"b303.Aerich\": {\"app\": \"b303\", \"name\": \"b303.Aerich\", \"table\": \"aerich\", \"indexes\": [], \"abstract\": false, \"pk_field\": {\"name\": \"id\", \"unique\": true, \"default\": null, \"indexed\": true, \"nullable\": false, \"db_column\": \"id\", \"docstring\": null, \"generated\": true, \"field_type\": \"IntField\", \"constraints\": {\"ge\": 1, \"le\": 2147483647}, \"description\": null, \"python_type\": \"int\", \"db_field_types\": {\"\": \"INT\"}}, \"docstring\": null, \"fk_fields\": [], \"m2m_fields\": [], \"o2o_fields\": [], \"data_fields\": [{\"name\": \"version\", \"unique\": false, \"default\": null, \"indexed\": false, \"nullable\": false, \"db_column\": \"version\", \"docstring\": null, \"generated\": false, \"field_type\": \"CharField\", \"constraints\": {\"max_length\": 255}, \"description\": null, \"python_type\": \"str\", \"db_field_types\": {\"\": \"VARCHAR(255)\"}}, {\"name\": \"app\", \"unique\": false, \"default\": null, \"indexed\": false, \"nullable\": false, \"db_column\": \"app\", \"docstring\": null, \"generated\": false, \"field_type\": \"CharField\", \"constraints\": {\"max_length\": 100}, \"description\": null, \"python_type\": \"str\", \"db_field_types\": {\"\": \"VARCHAR(100)\"}}, {\"name\": \"content\", \"unique\": false, \"default\": null, \"indexed\": false, \"nullable\": false, \"db_column\": \"content\", \"docstring\": null, \"generated\": false, \"field_type\": \"JSONField\", \"constraints\": {}, \"description\": null, \"python_type\": \"Union[dict, list]\", \"db_field_types\": {\"\": \"JSON\", \"mssql\": \"NVARCHAR(MAX)\", \"oracle\": \"NCLOB\", \"postgres\": \"JSONB\"}}], \"description\": null, \"unique_together\": [], \"backward_fk_fields\": [], \"backward_o2o_fields\": []}, \"b303.Notice\": {\"app\": \"b303\", \"name\": \"b303.Notice\", \"table\": \"notice\", \"indexes\": [], \"abstract\": false, \"pk_field\": {\"name\": \"id\", \"unique\": true, \"default\": null, \"indexed\": true, \"nullable\": false, \"db_column\": \"id\", \"docstring\": null, \"generated\": true, \"field_type\": \"IntField\", \"constraints\": {\"ge\": 1, \"le\": 2147483647}, \"description\": null, \"python_type\": \"int\", \"db_field_types\": {\"\": \"INT\"}}, \"docstring\": null, \"fk_fields\": [{\"name\": \"user\", \"unique\": false, \"default\": null, \"indexed\": false, \"nullable\": false, \"docstring\": null, \"generated\": false, \"on_delete\": \"CASCADE\", \"raw_field\": \"user_id\", \"field_type\": \"ForeignKeyFieldInstance\", \"constraints\": {}, \"description\": \"공지 작성자\", \"python_type\": \"b303.User\", \"db_constraint\": true}, {\"name\": \"recipe\", \"unique\": false, \"default\": null, \"indexed\": false, \"nullable\": true, \"docstring\": null, \"generated\": false, \"on_delete\": \"CASCADE\", \"raw_field\": \"recipe_id\", \"field_type\": \"ForeignKeyFieldInstance\", \"constraints\": {}, \"description\": \"해당 게시물에 참조된 레시피\", \"python_type\": \"b303.Recipe\", \"db_constraint\": false}], \"m2m_fields\": [], \"o2o_fields\": [], \"data_fields\": [{\"name\": \"title\", \"unique\": false, \"default\": null, \"indexed\": false, \"nullable\": false, \"db_column\": \"title\", \"docstring\": null, \"generated\": false, \"field_type\": \"CharField\", \"constraints\": {\"max_length\": 50}, \"description\": null, \"python_type\": \"str\", \"db_field_types\": {\"\": \"VARCHAR(50)\"}}, {\"name\": \"content\", \"unique\": false, \"default\": null, \"indexed\": false, \"nullable\": false, \"db_column\": \"content\", \"docstring\": null, \"generated\": false, \"field_type\": \"CharField\", \"constraints\": {\"max_length\": 10000}, \"description\": null, \"python_type\": \"str\", \"db_field_types\": {\"\": \"VARCHAR(10000)\"}}, {\"name\": \"created_at\", \"unique\": false, \"default\": null, \"indexed\": false, \"auto_now\": false, \"nullable\": false, \"db_column\": \"created_at\", \"docstring\": null, \"generated\": false, \"field_type\": \"DatetimeField\", \"constraints\": {\"readOnly\": true}, \"description\": null, \"python_type\": \"datetime.datetime\", \"auto_now_add\": true, \"db_field_types\": {\"\": \"TIMESTAMP\", \"mssql\": \"DATETIME2\", \"mysql\": \"DATETIME(6)\", \"oracle\": \"TIMESTAMP WITH TIME ZONE\", \"postgres\": \"TIMESTAMPTZ\"}}, {\"name\": \"updated_at\", \"unique\": false, \"default\": null, \"indexed\": false, \"auto_now\": true, \"nullable\": false, \"db_column\": \"updated_at\", \"docstring\": null, \"generated\": false, \"field_type\": \"DatetimeField\", \"constraints\": {\"readOnly\": true}, \"description\": null, \"python_type\": \"datetime.datetime\", \"auto_now_add\": true, \"db_field_types\": {\"\": \"TIMESTAMP\", \"mssql\": \"DATETIME2\", \"mysql\": \"DATETIME(6)\", \"oracle\": \"TIMESTAMP WITH TIME ZONE\", \"postgres\": \"TIMESTAMPTZ\"}}, {\"name\": \"category\", \"unique\": false, \"default\": 0, \"indexed\": false, \"nullable\": false, \"db_column\": \"category\", \"docstring\": null, \"generated\": false, \"field_type\": \"IntField\", \"constraints\": {\"ge\": -2147483648, \"le\": 2147483647}, \"description\": \"글 분류, 0 = .., 1 = .., 2 = ..\", \"python_type\": \"int\", \"db_field_types\": {\"\": \"INT\"}}, {\"name\": \"img_url\", \"unique\": false, \"default\": null, \"indexed\": false, \"nullable\": true, \"db_column\": \"img_url\", \"docstring\": null, \"generated\": false, \"field_type\": \"CharField\", \"constraints\": {\"max_length\": 200}, \"description\": \"썸네일 이미지\", \"python_type\": \"str\", \"db_field_types\": {\"\": \"VARCHAR(200)\"}}, {\"name\": \"views\", \"unique\": false, \"default\": 0, \"indexed\": false, \"nullable\": false, \"db_column\": \"views\", \"docstring\": null, \"generated\": false, \"field_type\": \"IntField\", \"constraints\": {\"ge\": -2147483648, \"le\": 2147483647}, \"description\": null, \"python_type\": \"int\", \"db_field_types\": {\"\": \"INT\"}}, {\"name\": \"recipe_id\", \"unique\": false, \"default\": null, \"indexed\": false, \"nullable\": true, \"db_column\": \"recipe_id\", \"docstring\": null, \"generated\": false, \"field_type\": \"IntField\", \"constraints\": {\"ge\": 1, \"le\": 2147483647}, \"description\": \"해당 게시물에 참조된 레시피\", \"python_type\": \"int\", \"db_field_types\": {\"\": \"INT\"}}, {\"name\": \"user_id\", \"unique\": false, \"default\": null, \"indexed\": false, \"nullable\": false, \"db_column\": \"user_id\", \"docstring\": null, \"generated\": false, \"field_type\": \"IntField\", \"constraints\": {\"ge\": 1, \"le\": 2147483647}, \"description\": \"공지 작성자\", \"python_type\": \"int\", \"db_field_types\": {\"\": \"INT\"}}], \"description\": null, \"unique_together\": [], \"backward_fk_fields\": [], \"backward_o2o_fields\": []}, \"b303.Recipe\": {\"app\": \"b303\", \"name\": \"b303.Recipe\", \"table\": \"recipe\", \"indexes\": [], \"abstract\": false, \"pk_field\": {\"name\": \"id\", \"unique\": true, \"default\": null, \"indexed\": true, \"nullable\": false, \"db_column\": \"id\", \"docstring\": null, \"generated\": true, \"field_type\": \"IntField\", \"constraints\": {\"ge\": 1, \"le\": 2147483647}, \"description\": null, \"python_type\": \"int\", \"db_field_types\": {\"\": \"INT\"}}, \"docstring\": null, \"fk_fields\": [{\"name\": \"user\", \"unique\": false, \"default\": null, \"indexed\": false, \"nullable\": false, \"docstring\": null, \"generated\": false, \"on_delete\": \"CASCADE\", \"raw_field\": \"user_id\", \"field_type\": \"ForeignKeyFieldInstance\", \"constraints\": {}, \"description\": \"레시피 작성자\", \"python_type\": \"b303.User\", \"db_constraint\": true}], \"m2m_fields\": [{\"name\": \"like_users\", \"unique\": false, \"default\": null, \"indexed\": false, \"through\": \"likerecipe\", \"nullable\": false, \"docstring\": null, \"generated\": false, \"on_delete\": \"CASCADE\", \"_generated\": false, \"field_type\": \"ManyToManyFieldInstance\", \"model_name\": \"b303.User\", \"constraints\": {}, \"description\": null, \"forward_key\": \"user_id\", \"python_type\": \"b303.User\", \"backward_key\": \"recipe_id\", \"related_name\": \"like_recipes\", \"db_constraint\": true}, {\"name\": \"tags\", \"unique\": false, \"default\": null, \"indexed\": false, \"through\": \"recipetag\", \"nullable\": false, \"docstring\": null, \"generated\": false, \"on_delete\": \"CASCADE\", \"_generated\": false, \"field_type\": \"ManyToManyFieldInstance\", \"model_name\": \"b303.Tag\", \"constraints\": {}, \"description\": \"레시피 관련 태그\", \"forward_key\": \"tag_id\", \"python_type\": \"b303.Tag\", \"backward_key\": \"recipe_id\", \"related_name\": \"recipe_tag\", \"db_constraint\": true}, {\"name\": \"ingredients\", \"unique\": false, \"default\": null, \"indexed\": false, \"through\": \"recipeingredient\", \"nullable\": false, \"docstring\": null, \"generated\": false, \"on_delete\": \"CASCADE\", \"_generated\": false, \"field_type\": \"ManyToManyFieldInstance\", \"model_name\": \"b303.Ingredient\", \"constraints\": {}, \"description\": \"레시피 사용 재료ㅋ\", \"forward_key\": \"ingredient_id\", \"python_type\": \"b303.Ingredient\", \"backward_key\": \"recipe_id\", \"related_name\": \"recipe_ingredient\", \"db_constraint\": true}], \"o2o_fields\": [], \"data_fields\": [{\"name\": \"title\", \"unique\": false, \"default\": null, \"indexed\": false, \"nullable\": false, \"db_column\": \"title\", \"docstring\": null, \"generated\": false, \"field_type\": \"CharField\", \"constraints\": {\"max_length\": 50}, \"description\": null, \"python_type\": \"str\", \"db_field_types\": {\"\": \"VARCHAR(50)\"}}, {\"name\": \"content\", \"unique\": false, \"default\": null, \"indexed\": false, \"nullable\": false, \"db_column\": \"content\", \"docstring\": null, \"generated\": false, \"field_type\": \"CharField\", \"constraints\": {\"max_length\": 10000}, \"description\": null, \"python_type\": \"str\", \"db_field_types\": {\"\": \"VARCHAR(10000)\"}}, {\"name\": \"created_at\", \"unique\": false, \"default\": null, \"indexed\": false, \"auto_now\": false, \"nullable\": false, \"db_column\": \"created_at\", \"docstring\": null, \"generated\": false, \"field_type\": \"DatetimeField\", \"constraints\": {\"readOnly\": true}, \"description\": null, \"python_type\": \"datetime.datetime\", \"auto_now_add\": true, \"db_field_types\": {\"\": \"TIMESTAMP\", \"mssql\": \"DATETIME2\", \"mysql\": \"DATETIME(6)\", \"oracle\": \"TIMESTAMP WITH TIME ZONE\", \"postgres\": \"TIMESTAMPTZ\"}}, {\"name\": \"updated_at\", \"unique\": false, \"default\": null, \"indexed\": false, \"auto_now\": true, \"nullable\": false, \"db_column\": \"updated_at\", \"docstring\": null, \"generated\": false, \"field_type\": \"DatetimeField\", \"constraints\": {\"readOnly\": true}, \"description\": null, \"python_type\": \"datetime.datetime\", \"auto_now_add\": true, \"db_field_types\": {\"\": \"TIMESTAMP\", \"mssql\": \"DATETIME2\", \"mysql\": \"DATETIME(6)\", \"oracle\": \"TIMESTAMP WITH TIME ZONE\", \"postgres\": \"TIMESTAMPTZ\"}}, {\"name\": \"img_url\", \"unique\": false, \"default\": null, \"indexed\": false, \"nullable\": true, \"db_column\": \"img_url\", \"docstring\": null, \"generated\": false, \"field_type\": \"CharField\", \"constraints\": {\"max_length\": 200}, \"description\": \"썸네일 이미지\", \"python_type\": \"str\", \"db_field_types\": {\"\": \"VARCHAR(200)\"}}, {\"name\": \"views\", \"unique\": false, \"default\": 0, \"indexed\": false, \"nullable\": false, \"db_column\": \"views\", \"docstring\": null, \"generated\": false, \"field_type\": \"IntField\", \"constraints\": {\"ge\": -2147483648, \"le\": 2147483647}, \"description\": null, \"python_type\": \"int\", \"db_field_types\": {\"\": \"INT\"}}, {\"name\": \"user_id\", \"unique\": false, \"default\": null, \"indexed\": false, \"nullable\": false, \"db_column\": \"user_id\", \"docstring\": null, \"generated\": false, \"field_type\": \"IntField\", \"constraints\": {\"ge\": 1, \"le\": 2147483647}, \"description\": \"레시피 작성자\", \"python_type\": \"int\", \"db_field_types\": {\"\": \"INT\"}}], \"description\": null, \"unique_together\": [], \"backward_fk_fields\": [{\"name\": \"articles\", \"unique\": false, \"default\": null, \"indexed\": false, \"nullable\": true, \"docstring\": null, \"generated\": false, \"field_type\": \"BackwardFKRelation\", \"constraints\": {}, \"description\": \"해당 게시물에 참조된 레시피\", \"python_type\": \"b303.Article\", \"db_constraint\": true}, {\"name\": \"cookings\", \"unique\": false, \"default\": null, \"indexed\": false, \"nullable\": true, \"docstring\": null, \"generated\": false, \"field_type\": \"BackwardFKRelation\", \"constraints\": {}, \"description\": \"해당 게시물에 참조된 레시피\", \"python_type\": \"b303.Cooking\", \"db_constraint\": true}, {\"name\": \"notices\", \"unique\": false, \"default\": null, \"indexed\": false, \"nullable\": true, \"docstring\": null, \"generated\": false, \"field_type\": \"BackwardFKRelation\", \"constraints\": {}, \"description\": \"해당 게시물에 참조된 레시피\", \"python_type\": \"b303.Notice\", \"db_constraint\": true}, {\"name\": \"likerecipes\", \"unique\": false, \"default\": null, \"indexed\": false, \"nullable\": false, \"docstring\": null, \"generated\": false, \"field_type\": \"BackwardFKRelation\", \"constraints\": {}, \"description\": null, \"python_type\": \"b303.LikeRecipe\", \"db_constraint\": true}, {\"name\": \"comments\", \"unique\": false, \"default\": null, \"indexed\": false, \"nullable\": false, \"docstring\": null, \"generated\": false, \"field_type\": \"BackwardFKRelation\", \"constraints\": {}, \"description\": null, \"python_type\": \"b303.RecipeComment\", \"db_constraint\": true}, {\"name\": \"recipeingredients\", \"unique\": false, \"default\": null, \"indexed\": false, \"nullable\": false, \"docstring\": null, \"generated\": false, \"field_type\": \"BackwardFKRelation\", \"constraints\": {}, \"description\": null, \"python_type\": \"b303.RecipeIngredient\", \"db_constraint\": true}], \"backward_o2o_fields\": []}, \"b303.Article\": {\"app\": \"b303\", \"name\": \"b303.Article\", \"table\": \"article\", \"indexes\": [], \"abstract\": false, \"pk_field\": {\"name\": \"id\", \"unique\": true, \"default\": null, \"indexed\": true, \"nullable\": false, \"db_column\": \"id\", \"docstring\": null, \"generated\": true, \"field_type\": \"IntField\", \"constraints\": {\"ge\": 1, \"le\": 2147483647}, \"description\": null, \"python_type\": \"int\", \"db_field_types\": {\"\": \"INT\"}}, \"docstring\": null, \"fk_fields\": [{\"name\": \"user\", \"unique\": false, \"default\": null, \"indexed\": false, \"nullable\": false, \"docstring\": null, \"generated\": false, \"on_delete\": \"CASCADE\", \"raw_field\": \"user_id\", \"field_type\": \"ForeignKeyFieldInstance\", \"constraints\": {}, \"description\": \"글 작성자\", \"python_type\": \"b303.User\", \"db_constraint\": true}, {\"name\": \"recipe\", \"unique\": false, \"default\": null, \"indexed\": false, \"nullable\": true, \"docstring\": null, \"generated\": false, \"on_delete\": \"CASCADE\", \"raw_field\": \"recipe_id\", \"field_type\": \"ForeignKeyFieldInstance\", \"constraints\": {}, \"description\": \"해당 게시물에 참조된 레시피\", \"python_type\": \"b303.Recipe\", \"db_constraint\": false}], \"m2m_fields\": [{\"name\": \"like_users\", \"unique\": false, \"default\": null, \"indexed\": false, \"through\": \"likearticle\", \"nullable\": false, \"docstring\": null, \"generated\": false, \"on_delete\": \"CASCADE\", \"_generated\": false, \"field_type\": \"ManyToManyFieldInstance\", \"model_name\": \"b303.User\", \"constraints\": {}, \"description\": null, \"forward_key\": \"user_id\", \"python_type\": \"b303.User\", \"backward_key\": \"article_id\", \"related_name\": \"like_articles\", \"db_constraint\": true}], \"o2o_fields\": [], \"data_fields\": [{\"name\": \"title\", \"unique\": false, \"default\": null, \"indexed\": false, \"nullable\": false, \"db_column\": \"title\", \"docstring\": null, \"generated\": false, \"field_type\": \"CharField\", \"constraints\": {\"max_length\": 50}, \"description\": null, \"python_type\": \"str\", \"db_field_types\": {\"\": \"VARCHAR(50)\"}}, {\"name\": \"content\", \"unique\": false, \"default\": null, \"indexed\": false, \"nullable\": false, \"db_column\": \"content\", \"docstring\": null, \"generated\": false, \"field_type\": \"CharField\", \"constraints\": {\"max_length\": 10000}, \"description\": null, \"python_type\": \"str\", \"db_field_types\": {\"\": \"VARCHAR(10000)\"}}, {\"name\": \"created_at\", \"unique\": false, \"default\": null, \"indexed\": false, \"auto_now\": false, \"nullable\": false, \"db_column\": \"created_at\", \"docstring\": null, \"generated\": false, \"field_type\": \"DatetimeField\", \"constraints\": {\"readOnly\": true}, \"description\": null, \"python_type\": \"datetime.datetime\", \"auto_now_add\": true, \"db_field_types\": {\"\": \"TIMESTAMP\", \"mssql\": \"DATETIME2\", \"mysql\": \"DATETIME(6)\", \"oracle\": \"TIMESTAMP WITH TIME ZONE\", \"postgres\": \"TIMESTAMPTZ\"}}, {\"name\": \"updated_at\", \"unique\": false, \"default\": null, \"indexed\": false, \"auto_now\": true, \"nullable\": false, \"db_column\": \"updated_at\", \"docstring\": null, \"generated\": false, \"field_type\": \"DatetimeField\", \"constraints\": {\"readOnly\": true}, \"description\": null, \"python_type\": \"datetime.datetime\", \"auto_now_add\": true, \"db_field_types\": {\"\": \"TIMESTAMP\", \"mssql\": \"DATETIME2\", \"mysql\": \"DATETIME(6)\", \"oracle\": \"TIMESTAMP WITH TIME ZONE\", \"postgres\": \"TIMESTAMPTZ\"}}, {\"name\": \"category\", \"unique\": false, \"default\": 0, \"indexed\": false, \"nullable\": false, \"db_column\": \"category\", \"docstring\": null, \"generated\": false, \"field_type\": \"IntField\", \"constraints\": {\"ge\": -2147483648, \"le\": 2147483647}, \"description\": \"글 분류, 0 = .., 1 = .., 2 = ..\", \"python_type\": \"int\", \"db_field_types\": {\"\": \"INT\"}}, {\"name\": \"img_url\", \"unique\": false, \"default\": null, \"indexed\": false, \"nullable\": true, \"db_column\": \"img_url\", \"docstring\": null, \"generated\": false, \"field_type\": \"CharField\", \"constraints\": {\"max_length\": 200}, \"description\": \"썸네일 이미지\", \"python_type\": \"str\", \"db_field_types\": {\"\": \"VARCHAR(200)\"}}, {\"name\": \"views\", \"unique\": false, \"default\": 0, \"indexed\": false, \"nullable\": false, \"db_column\": \"views\", \"docstring\": null, \"generated\": false, \"field_type\": \"IntField\", \"constraints\": {\"ge\": -2147483648, \"le\": 2147483647}, \"description\": null, \"python_type\": \"int\", \"db_field_types\": {\"\": \"INT\"}}, {\"name\": \"recipe_id\", \"unique\": false, \"default\": null, \"indexed\": false, \"nullable\": true, \"db_column\": \"recipe_id\", \"docstring\": null, \"generated\": false, \"field_type\": \"IntField\", \"constraints\": {\"ge\": 1, \"le\": 2147483647}, \"description\": \"해당 게시물에 참조된 레시피\", \"python_type\": \"int\", \"db_field_types\": {\"\": \"INT\"}}, {\"name\": \"user_id\", \"unique\": false, \"default\": null, \"indexed\": false, \"nullable\": false, \"db_column\": \"user_id\", \"docstring\": null, \"generated\": false, \"field_type\": \"IntField\", \"constraints\": {\"ge\": 1, \"le\": 2147483647}, \"description\": \"글 작성자\", \"python_type\": \"int\", \"db_field_types\": {\"\": \"INT\"}}], \"description\": null, \"unique_together\": [], \"backward_fk_fields\": [{\"name\": \"comments\", \"unique\": false, \"default\": null, \"indexed\": false, \"nullable\": false, \"docstring\": null, \"generated\": false, \"field_type\": \"BackwardFKRelation\", \"constraints\": {}, \"description\": null, \"python_type\": \"b303.ArticleComment\", \"db_constraint\": true}, {\"name\": \"likearticles\", \"unique\": false, \"default\": null, \"indexed\": false, \"nullable\": false, \"docstring\": null, \"generated\": false, \"field_type\": \"BackwardFKRelation\", \"constraints\": {}, \"description\": null, \"python_type\": \"b303.LikeArticle\", \"db_constraint\": true}], \"backward_o2o_fields\": []}, \"b303.Cooking\": {\"app\": \"b303\", \"name\": \"b303.Cooking\", \"table\": \"cooking\", \"indexes\": [], \"abstract\": false, \"pk_field\": {\"name\": \"id\", \"unique\": true, \"default\": null, \"indexed\": true, \"nullable\": false, \"db_column\": \"id\", \"docstring\": null, \"generated\": true, \"field_type\": \"IntField\", \"constraints\": {\"ge\": 1, \"le\": 2147483647}, \"description\": null, \"python_type\": \"int\", \"db_field_types\": {\"\": \"INT\"}}, \"docstring\": null, \"fk_fields\": [{\"name\": \"user\", \"unique\": false, \"default\": null, \"indexed\": false, \"nullable\": false, \"docstring\": null, \"generated\": false, \"on_delete\": \"CASCADE\", \"raw_field\": \"user_id\", \"field_type\": \"ForeignKeyFieldInstance\", \"constraints\": {}, \"description\": \"갤러리 작성자\", \"python_type\": \"b303.User\", \"db_constraint\": true}, {\"name\": \"recipe\", \"unique\": false, \"default\": null, \"indexed\": false, \"nullable\": true, \"docstring\": null, \"generated\": false, \"on_delete\": \"CASCADE\", \"raw_field\": \"recipe_id\", \"field_type\": \"ForeignKeyFieldInstance\", \"constraints\": {}, \"description\": \"해당 게시물에 참조된 레시피\", \"python_type\": \"b303.Recipe\", \"db_constraint\": false}], \"m2m_fields\": [{\"name\": \"like_users\", \"unique\": false, \"default\": null, \"indexed\": false, \"through\": \"likecooking\", \"nullable\": false, \"docstring\": null, \"generated\": false, \"on_delete\": \"CASCADE\", \"_generated\": false, \"field_type\": \"ManyToManyFieldInstance\", \"model_name\": \"b303.User\", \"constraints\": {}, \"description\": null, \"forward_key\": \"user_id\", \"python_type\": \"b303.User\", \"backward_key\": \"cooking_id\", \"related_name\": \"like_cookings\", \"db_constraint\": true}], \"o2o_fields\": [], \"data_fields\": [{\"name\": \"title\", \"unique\": false, \"default\": null, \"indexed\": false, \"nullable\": false, \"db_column\": \"title\", \"docstring\": null, \"generated\": false, \"field_type\": \"CharField\", \"constraints\": {\"max_length\": 50}, \"description\": null, \"python_type\": \"str\", \"db_field_types\": {\"\": \"VARCHAR(50)\"}}, {\"name\": \"content\", \"unique\": false, \"default\": null, \"indexed\": false, \"nullable\": false, \"db_column\": \"content\", \"docstring\": null, \"generated\": false, \"field_type\": \"CharField\", \"constraints\": {\"max_length\": 10000}, \"description\": null, \"python_type\": \"str\", \"db_field_types\": {\"\": \"VARCHAR(10000)\"}}, {\"name\": \"created_at\", \"unique\": false, \"default\": null, \"indexed\": false, \"auto_now\": false, \"nullable\": false, \"db_column\": \"created_at\", \"docstring\": null, \"generated\": false, \"field_type\": \"DatetimeField\", \"constraints\": {\"readOnly\": true}, \"description\": null, \"python_type\": \"datetime.datetime\", \"auto_now_add\": true, \"db_field_types\": {\"\": \"TIMESTAMP\", \"mssql\": \"DATETIME2\", \"mysql\": \"DATETIME(6)\", \"oracle\": \"TIMESTAMP WITH TIME ZONE\", \"postgres\": \"TIMESTAMPTZ\"}}, {\"name\": \"updated_at\", \"unique\": false, \"default\": null, \"indexed\": false, \"auto_now\": true, \"nullable\": false, \"db_column\": \"updated_at\", \"docstring\": null, \"generated\": false, \"field_type\": \"DatetimeField\", \"constraints\": {\"readOnly\": true}, \"description\": null, \"python_type\": \"datetime.datetime\", \"auto_now_add\": true, \"db_field_types\": {\"\": \"TIMESTAMP\", \"mssql\": \"DATETIME2\", \"mysql\": \"DATETIME(6)\", \"oracle\": \"TIMESTAMP WITH TIME ZONE\", \"postgres\": \"TIMESTAMPTZ\"}}, {\"name\": \"category\", \"unique\": false, \"default\": 0, \"indexed\": false, \"nullable\": false, \"db_column\": \"category\", \"docstring\": null, \"generated\": false, \"field_type\": \"IntField\", \"constraints\": {\"ge\": -2147483648, \"le\": 2147483647}, \"description\": \"글 분류, 0 = .., 1 = .., 2 = ..\", \"python_type\": \"int\", \"db_field_types\": {\"\": \"INT\"}}, {\"name\": \"img_url\", \"unique\": false, \"default\": null, \"indexed\": false, \"nullable\": false, \"db_column\": \"img_url\", \"docstring\": null, \"generated\": false, \"field_type\": \"CharField\", \"constraints\": {\"max_length\": 200}, \"description\": \"썸네일 이미지\", \"python_type\": \"str\", \"db_field_types\": {\"\": \"VARCHAR(200)\"}}, {\"name\": \"views\", \"unique\": false, \"default\": 0, \"indexed\": false, \"nullable\": false, \"db_column\": \"views\", \"docstring\": null, \"generated\": false, \"field_type\": \"IntField\", \"constraints\": {\"ge\": -2147483648, \"le\": 2147483647}, \"description\": null, \"python_type\": \"int\", \"db_field_types\": {\"\": \"INT\"}}, {\"name\": \"recipe_id\", \"unique\": false, \"default\": null, \"indexed\": false, \"nullable\": true, \"db_column\": \"recipe_id\", \"docstring\": null, \"generated\": false, \"field_type\": \"IntField\", \"constraints\": {\"ge\": 1, \"le\": 2147483647}, \"description\": \"해당 게시물에 참조된 레시피\", \"python_type\": \"int\", \"db_field_types\": {\"\": \"INT\"}}, {\"name\": \"user_id\", \"unique\": false, \"default\": null, \"indexed\": false, \"nullable\": false, \"db_column\": \"user_id\", \"docstring\": null, \"generated\": false, \"field_type\": \"IntField\", \"constraints\": {\"ge\": 1, \"le\": 2147483647}, \"description\": \"갤러리 작성자\", \"python_type\": \"int\", \"db_field_types\": {\"\": \"INT\"}}], \"description\": null, \"unique_together\": [], \"backward_fk_fields\": [{\"name\": \"comments\", \"unique\": false, \"default\": null, \"indexed\": false, \"nullable\": false, \"docstring\": null, \"generated\": false, \"field_type\": \"BackwardFKRelation\", \"constraints\": {}, \"description\": null, \"python_type\": \"b303.CookingComment\", \"db_constraint\": true}, {\"name\": \"likecookings\", \"unique\": false, \"default\": null, \"indexed\": false, \"nullable\": false, \"docstring\": null, \"generated\": false, \"field_type\": \"BackwardFKRelation\", \"constraints\": {}, \"description\": null, \"python_type\": \"b303.LikeCooking\", \"db_constraint\": true}], \"backward_o2o_fields\": []}, \"b303.Ingredient\": {\"app\": \"b303\", \"name\": \"b303.Ingredient\", \"table\": \"ingredient\", \"indexes\": [], \"abstract\": false, \"pk_field\": {\"name\": \"id\", \"unique\": true, \"default\": null, \"indexed\": true, \"nullable\": false, \"db_column\": \"id\", \"docstring\": null, \"generated\": true, \"field_type\": \"IntField\", \"constraints\": {\"ge\": 1, \"le\": 2147483647}, \"description\": null, \"python_type\": \"int\", \"db_field_types\": {\"\": \"INT\"}}, \"docstring\": null, \"fk_fields\": [], \"m2m_fields\": [{\"name\": \"recipe_ingredient\", \"unique\": false, \"default\": null, \"indexed\": false, \"through\": \"recipeingredient\", \"nullable\": false, \"docstring\": null, \"generated\": false, \"on_delete\": \"CASCADE\", \"_generated\": true, \"field_type\": \"ManyToManyFieldInstance\", \"model_name\": \"b303.Recipe\", \"constraints\": {}, \"description\": \"레시피 사용 재료ㅋ\", \"forward_key\": \"recipe_id\", \"python_type\": \"b303.Recipe\", \"backward_key\": \"ingredient_id\", \"related_name\": \"ingredients\", \"db_constraint\": true}], \"o2o_fields\": [], \"data_fields\": [{\"name\": \"name\", \"unique\": false, \"default\": null, \"indexed\": false, \"nullable\": false, \"db_column\": \"name\", \"docstring\": null, \"generated\": false, \"field_type\": \"CharField\", \"constraints\": {\"max_length\": 30}, \"description\": null, \"python_type\": \"str\", \"db_field_types\": {\"\": \"VARCHAR(30)\"}}], \"description\": null, \"unique_together\": [], \"backward_fk_fields\": [{\"name\": \"recipeingredients\", \"unique\": false, \"default\": null, \"indexed\": false, \"nullable\": false, \"docstring\": null, \"generated\": false, \"field_type\": \"BackwardFKRelation\", \"constraints\": {}, \"description\": null, \"python_type\": \"b303.RecipeIngredient\", \"db_constraint\": true}], \"backward_o2o_fields\": []}, \"b303.LikeRecipe\": {\"app\": \"b303\", \"name\": \"b303.LikeRecipe\", \"table\": \"likerecipe\", \"indexes\": [], \"abstract\": false, \"pk_field\": {\"name\": \"id\", \"unique\": true, \"default\": null, \"indexed\": true, \"nullable\": false, \"db_column\": \"id\", \"docstring\": null, \"generated\": true, \"field_type\": \"IntField\", \"constraints\": {\"ge\": 1, \"le\": 2147483647}, \"description\": null, \"python_type\": \"int\", \"db_field_types\": {\"\": \"INT\"}}, \"docstring\": null, \"fk_fields\": [{\"name\": \"user\", \"unique\": false, \"default\": null, \"indexed\": false, \"nullable\": false, \"docstring\": null, \"generated\": false, \"on_delete\": \"CASCADE\", \"raw_field\": \"user_id\", \"field_type\": \"ForeignKeyFieldInstance\", \"constraints\": {}, \"description\": null, \"python_type\": \"b303.User\", \"db_constraint\": true}, {\"name\": \"recipe\", \"unique\": false, \"default\": null, \"indexed\": false, \"nullable\": false, \"docstring\": null, \"generated\": false, \"on_delete\": \"CASCADE\", \"raw_field\": \"recipe_id\", \"field_type\": \"ForeignKeyFieldInstance\", \"constraints\": {}, \"description\": null, \"python_type\": \"b303.Recipe\", \"db_constraint\": true}], \"m2m_fields\": [], \"o2o_fields\": [], \"data_fields\": [{\"name\": \"created_at\", \"unique\": false, \"default\": null, \"indexed\": false, \"auto_now\": false, \"nullable\": false, \"db_column\": \"created_at\", \"docstring\": null, \"generated\": false, \"field_type\": \"DatetimeField\", \"constraints\": {\"readOnly\": true}, \"description\": null, \"python_type\": \"datetime.datetime\", \"auto_now_add\": true, \"db_field_types\": {\"\": \"TIMESTAMP\", \"mssql\": \"DATETIME2\", \"mysql\": \"DATETIME(6)\", \"oracle\": \"TIMESTAMP WITH TIME ZONE\", \"postgres\": \"TIMESTAMPTZ\"}}, {\"name\": \"recipe_id\", \"unique\": false, \"default\": null, \"indexed\": false, \"nullable\": false, \"db_column\": \"recipe_id\", \"docstring\": null, \"generated\": false, \"field_type\": \"IntField\", \"constraints\": {\"ge\": 1, \"le\": 2147483647}, \"description\": null, \"python_type\": \"int\", \"db_field_types\": {\"\": \"INT\"}}, {\"name\": \"user_id\", \"unique\": false, \"default\": null, \"indexed\": false, \"nullable\": false, \"db_column\": \"user_id\", \"docstring\": null, \"generated\": false, \"field_type\": \"IntField\", \"constraints\": {\"ge\": 1, \"le\": 2147483647}, \"description\": null, \"python_type\": \"int\", \"db_field_types\": {\"\": \"INT\"}}], \"description\": null, \"unique_together\": [], \"backward_fk_fields\": [], \"backward_o2o_fields\": []}, \"b303.LikeArticle\": {\"app\": \"b303\", \"name\": \"b303.LikeArticle\", \"table\": \"likearticle\", \"indexes\": [], \"abstract\": false, \"pk_field\": {\"name\": \"id\", \"unique\": true, \"default\": null, \"indexed\": true, \"nullable\": false, \"db_column\": \"id\", \"docstring\": null, \"generated\": true, \"field_type\": \"IntField\", \"constraints\": {\"ge\": 1, \"le\": 2147483647}, \"description\": null, \"python_type\": \"int\", \"db_field_types\": {\"\": \"INT\"}}, \"docstring\": null, \"fk_fields\": [{\"name\": \"user\", \"unique\": false, \"default\": null, \"indexed\": false, \"nullable\": false, \"docstring\": null, \"generated\": false, \"on_delete\": \"CASCADE\", \"raw_field\": \"user_id\", \"field_type\": \"ForeignKeyFieldInstance\", \"constraints\": {}, \"description\": null, \"python_type\": \"b303.User\", \"db_constraint\": true}, {\"name\": \"article\", \"unique\": false, \"default\": null, \"indexed\": false, \"nullable\": false, \"docstring\": null, \"generated\": false, \"on_delete\": \"CASCADE\", \"raw_field\": \"article_id\", \"field_type\": \"ForeignKeyFieldInstance\", \"constraints\": {}, \"description\": null, \"python_type\": \"b303.Article\", \"db_constraint\": true}], \"m2m_fields\": [], \"o2o_fields\": [], \"data_fields\": [{\"name\": \"created_at\", \"unique\": false, \"default\": null, \"indexed\": false, \"auto_now\": false, \"nullable\": false, \"db_column\": \"created_at\", \"docstring\": null, \"generated\": false, \"field_type\": \"DatetimeField\", \"constraints\": {\"readOnly\": true}, \"description\": null, \"python_type\": \"datetime.datetime\", \"auto_now_add\": true, \"db_field_types\": {\"\": \"TIMESTAMP\", \"mssql\": \"DATETIME2\", \"mysql\": \"DATETIME(6)\", \"oracle\": \"TIMESTAMP WITH TIME ZONE\", \"postgres\": \"TIMESTAMPTZ\"}}, {\"name\": \"article_id\", \"unique\": false, \"default\": null, \"indexed\": false, \"nullable\": false, \"db_column\": \"article_id\", \"docstring\": null, \"generated\": false, \"field_type\": \"IntField\", \"constraints\": {\"ge\": 1, \"le\": 2147483647}, \"description\": null, \"python_type\": \"int\", \"db_field_types\": {\"\": \"INT\"}}, {\"name\": \"user_id\", \"unique\": false, \"default\": null, \"indexed\": false, \"nullable\": false, \"db_column\": \"user_id\", \"docstring\": null, \"generated\": false, \"field_type\": \"IntField\", \"constraints\": {\"ge\": 1, \"le\": 2147483647}, \"description\": null, \"python_type\": \"int\", \"db_field_types\": {\"\": \"INT\"}}], \"description\": null, \"unique_together\": [], \"backward_fk_fields\": [], \"backward_o2o_fields\": []}, \"b303.LikeCooking\": {\"app\": \"b303\", \"name\": \"b303.LikeCooking\", \"table\": \"likecooking\", \"indexes\": [], \"abstract\": false, \"pk_field\": {\"name\": \"id\", \"unique\": true, \"default\": null, \"indexed\": true, \"nullable\": false, \"db_column\": \"id\", \"docstring\": null, \"generated\": true, \"field_type\": \"IntField\", \"constraints\": {\"ge\": 1, \"le\": 2147483647}, \"description\": null, \"python_type\": \"int\", \"db_field_types\": {\"\": \"INT\"}}, \"docstring\": null, \"fk_fields\": [{\"name\": \"user\", \"unique\": false, \"default\": null, \"indexed\": false, \"nullable\": false, \"docstring\": null, \"generated\": false, \"on_delete\": \"CASCADE\", \"raw_field\": \"user_id\", \"field_type\": \"ForeignKeyFieldInstance\", \"constraints\": {}, \"description\": null, \"python_type\": \"b303.User\", \"db_constraint\": true}, {\"name\": \"cooking\", \"unique\": false, \"default\": null, \"indexed\": false, \"nullable\": false, \"docstring\": null, \"generated\": false, \"on_delete\": \"CASCADE\", \"raw_field\": \"cooking_id\", \"field_type\": \"ForeignKeyFieldInstance\", \"constraints\": {}, \"description\": null, \"python_type\": \"b303.Cooking\", \"db_constraint\": true}], \"m2m_fields\": [], \"o2o_fields\": [], \"data_fields\": [{\"name\": \"created_at\", \"unique\": false, \"default\": null, \"indexed\": false, \"auto_now\": false, \"nullable\": false, \"db_column\": \"created_at\", \"docstring\": null, \"generated\": false, \"field_type\": \"DatetimeField\", \"constraints\": {\"readOnly\": true}, \"description\": null, \"python_type\": \"datetime.datetime\", \"auto_now_add\": true, \"db_field_types\": {\"\": \"TIMESTAMP\", \"mssql\": \"DATETIME2\", \"mysql\": \"DATETIME(6)\", \"oracle\": \"TIMESTAMP WITH TIME ZONE\", \"postgres\": \"TIMESTAMPTZ\"}}, {\"name\": \"cooking_id\", \"unique\": false, \"default\": null, \"indexed\": false, \"nullable\": false, \"db_column\": \"cooking_id\", \"docstring\": null, \"generated\": false, \"field_type\": \"IntField\", \"constraints\": {\"ge\": 1, \"le\": 2147483647}, \"description\": null, \"python_type\": \"int\", \"db_field_types\": {\"\": \"INT\"}}, {\"name\": \"user_id\", \"unique\": false, \"default\": null, \"indexed\": false, \"nullable\": false, \"db_column\": \"user_id\", \"docstring\": null, \"generated\": false, \"field_type\": \"IntField\", \"constraints\": {\"ge\": 1, \"le\": 2147483647}, \"description\": null, \"python_type\": \"int\", \"db_field_types\": {\"\": \"INT\"}}], \"description\": null, \"unique_together\": [], \"backward_fk_fields\": [], \"backward_o2o_fields\": []}, \"b303.RecipeComment\": {\"app\": \"b303\", \"name\": \"b303.RecipeComment\", \"table\": \"recipecomment\", \"indexes\": [], \"abstract\": false, \"pk_field\": {\"name\": \"id\", \"unique\": true, \"default\": null, \"indexed\": true, \"nullable\": false, \"db_column\": \"id\", \"docstring\": null, \"generated\": true, \"field_type\": \"IntField\", \"constraints\": {\"ge\": 1, \"le\": 2147483647}, \"description\": null, \"python_type\": \"int\", \"db_field_types\": {\"\": \"INT\"}}, \"docstring\": null, \"fk_fields\": [{\"name\": \"user\", \"unique\": false, \"default\": null, \"indexed\": false, \"nullable\": false, \"docstring\": null, \"generated\": false, \"on_delete\": \"CASCADE\", \"raw_field\": \"user_id\", \"field_type\": \"ForeignKeyFieldInstance\", \"constraints\": {}, \"description\": null, \"python_type\": \"b303.User\", \"db_constraint\": true}, {\"name\": \"recipe\", \"unique\": false, \"default\": null, \"indexed\": false, \"nullable\": false, \"docstring\": null, \"generated\": false, \"on_delete\": \"CASCADE\", \"raw_field\": \"recipe_id\", \"field_type\": \"ForeignKeyFieldInstance\", \"constraints\": {}, \"description\": null, \"python_type\": \"b303.Recipe\", \"db_constraint\": true}], \"m2m_fields\": [], \"o2o_fields\": [], \"data_fields\": [{\"name\": \"content\", \"unique\": false, \"default\": null, \"indexed\": false, \"nullable\": false, \"db_column\": \"content\", \"docstring\": null, \"generated\": false, \"field_type\": \"CharField\", \"constraints\": {\"max_length\": 500}, \"description\": null, \"python_type\": \"str\", \"db_field_types\": {\"\": \"VARCHAR(500)\"}}, {\"name\": \"created_at\", \"unique\": false, \"default\": null, \"indexed\": false, \"auto_now\": false, \"nullable\": false, \"db_column\": \"created_at\", \"docstring\": null, \"generated\": false, \"field_type\": \"DatetimeField\", \"constraints\": {\"readOnly\": true}, \"description\": null, \"python_type\": \"datetime.datetime\", \"auto_now_add\": true, \"db_field_types\": {\"\": \"TIMESTAMP\", \"mssql\": \"DATETIME2\", \"mysql\": \"DATETIME(6)\", \"oracle\": \"TIMESTAMP WITH TIME ZONE\", \"postgres\": \"TIMESTAMPTZ\"}}, {\"name\": \"updated_at\", \"unique\": false, \"default\": null, \"indexed\": false, \"auto_now\": true, \"nullable\": false, \"db_column\": \"updated_at\", \"docstring\": null, \"generated\": false, \"field_type\": \"DatetimeField\", \"constraints\": {\"readOnly\": true}, \"description\": null, \"python_type\": \"datetime.datetime\", \"auto_now_add\": true, \"db_field_types\": {\"\": \"TIMESTAMP\", \"mssql\": \"DATETIME2\", \"mysql\": \"DATETIME(6)\", \"oracle\": \"TIMESTAMP WITH TIME ZONE\", \"postgres\": \"TIMESTAMPTZ\"}}, {\"name\": \"root\", \"unique\": false, \"default\": 0, \"indexed\": false, \"nullable\": false, \"db_column\": \"root\", \"docstring\": null, \"generated\": false, \"field_type\": \"IntField\", \"constraints\": {\"ge\": -2147483648, \"le\": 2147483647}, \"description\": null, \"python_type\": \"int\", \"db_field_types\": {\"\": \"INT\"}}, {\"name\": \"group\", \"unique\": false, \"default\": 0, \"indexed\": false, \"nullable\": false, \"db_column\": \"group\", \"docstring\": null, \"generated\": false, \"field_type\": \"IntField\", \"constraints\": {\"ge\": -2147483648, \"le\": 2147483647}, \"description\": null, \"python_type\": \"int\", \"db_field_types\": {\"\": \"INT\"}}, {\"name\": \"sequence\", \"unique\": false, \"default\": 0, \"indexed\": false, \"nullable\": false, \"db_column\": \"sequence\", \"docstring\": null, \"generated\": false, \"field_type\": \"IntField\", \"constraints\": {\"ge\": -2147483648, \"le\": 2147483647}, \"description\": null, \"python_type\": \"int\", \"db_field_types\": {\"\": \"INT\"}}, {\"name\": \"recipe_id\", \"unique\": false, \"default\": null, \"indexed\": false, \"nullable\": false, \"db_column\": \"recipe_id\", \"docstring\": null, \"generated\": false, \"field_type\": \"IntField\", \"constraints\": {\"ge\": 1, \"le\": 2147483647}, \"description\": null, \"python_type\": \"int\", \"db_field_types\": {\"\": \"INT\"}}, {\"name\": \"user_id\", \"unique\": false, \"default\": null, \"indexed\": false, \"nullable\": false, \"db_column\": \"user_id\", \"docstring\": null, \"generated\": false, \"field_type\": \"IntField\", \"constraints\": {\"ge\": 1, \"le\": 2147483647}, \"description\": null, \"python_type\": \"int\", \"db_field_types\": {\"\": \"INT\"}}], \"description\": null, \"unique_together\": [], \"backward_fk_fields\": [], \"backward_o2o_fields\": []}, \"b303.ArticleComment\": {\"app\": \"b303\", \"name\": \"b303.ArticleComment\", \"table\": \"articlecomment\", \"indexes\": [], \"abstract\": false, \"pk_field\": {\"name\": \"id\", \"unique\": true, \"default\": null, \"indexed\": true, \"nullable\": false, \"db_column\": \"id\", \"docstring\": null, \"generated\": true, \"field_type\": \"IntField\", \"constraints\": {\"ge\": 1, \"le\": 2147483647}, \"description\": null, \"python_type\": \"int\", \"db_field_types\": {\"\": \"INT\"}}, \"docstring\": null, \"fk_fields\": [{\"name\": \"user\", \"unique\": false, \"default\": null, \"indexed\": false, \"nullable\": false, \"docstring\": null, \"generated\": false, \"on_delete\": \"CASCADE\", \"raw_field\": \"user_id\", \"field_type\": \"ForeignKeyFieldInstance\", \"constraints\": {}, \"description\": null, \"python_type\": \"b303.User\", \"db_constraint\": true}, {\"name\": \"article\", \"unique\": false, \"default\": null, \"indexed\": false, \"nullable\": false, \"docstring\": null, \"generated\": false, \"on_delete\": \"CASCADE\", \"raw_field\": \"article_id\", \"field_type\": \"ForeignKeyFieldInstance\", \"constraints\": {}, \"description\": null, \"python_type\": \"b303.Article\", \"db_constraint\": true}], \"m2m_fields\": [], \"o2o_fields\": [], \"data_fields\": [{\"name\": \"content\", \"unique\": false, \"default\": null, \"indexed\": false, \"nullable\": false, \"db_column\": \"content\", \"docstring\": null, \"generated\": false, \"field_type\": \"CharField\", \"constraints\": {\"max_length\": 500}, \"description\": null, \"python_type\": \"str\", \"db_field_types\": {\"\": \"VARCHAR(500)\"}}, {\"name\": \"created_at\", \"unique\": false, \"default\": null, \"indexed\": false, \"auto_now\": false, \"nullable\": false, \"db_column\": \"created_at\", \"docstring\": null, \"generated\": false, \"field_type\": \"DatetimeField\", \"constraints\": {\"readOnly\": true}, \"description\": null, \"python_type\": \"datetime.datetime\", \"auto_now_add\": true, \"db_field_types\": {\"\": \"TIMESTAMP\", \"mssql\": \"DATETIME2\", \"mysql\": \"DATETIME(6)\", \"oracle\": \"TIMESTAMP WITH TIME ZONE\", \"postgres\": \"TIMESTAMPTZ\"}}, {\"name\": \"updated_at\", \"unique\": false, \"default\": null, \"indexed\": false, \"auto_now\": true, \"nullable\": false, \"db_column\": \"updated_at\", \"docstring\": null, \"generated\": false, \"field_type\": \"DatetimeField\", \"constraints\": {\"readOnly\": true}, \"description\": null, \"python_type\": \"datetime.datetime\", \"auto_now_add\": true, \"db_field_types\": {\"\": \"TIMESTAMP\", \"mssql\": \"DATETIME2\", \"mysql\": \"DATETIME(6)\", \"oracle\": \"TIMESTAMP WITH TIME ZONE\", \"postgres\": \"TIMESTAMPTZ\"}}, {\"name\": \"root\", \"unique\": false, \"default\": 0, \"indexed\": false, \"nullable\": false, \"db_column\": \"root\", \"docstring\": null, \"generated\": false, \"field_type\": \"IntField\", \"constraints\": {\"ge\": -2147483648, \"le\": 2147483647}, \"description\": null, \"python_type\": \"int\", \"db_field_types\": {\"\": \"INT\"}}, {\"name\": \"group\", \"unique\": false, \"default\": 0, \"indexed\": false, \"nullable\": false, \"db_column\": \"group\", \"docstring\": null, \"generated\": false, \"field_type\": \"IntField\", \"constraints\": {\"ge\": -2147483648, \"le\": 2147483647}, \"description\": null, \"python_type\": \"int\", \"db_field_types\": {\"\": \"INT\"}}, {\"name\": \"sequence\", \"unique\": false, \"default\": 0, \"indexed\": false, \"nullable\": false, \"db_column\": \"sequence\", \"docstring\": null, \"generated\": false, \"field_type\": \"IntField\", \"constraints\": {\"ge\": -2147483648, \"le\": 2147483647}, \"description\": null, \"python_type\": \"int\", \"db_field_types\": {\"\": \"INT\"}}, {\"name\": \"article_id\", \"unique\": false, \"default\": null, \"indexed\": false, \"nullable\": false, \"db_column\": \"article_id\", \"docstring\": null, \"generated\": false, \"field_type\": \"IntField\", \"constraints\": {\"ge\": 1, \"le\": 2147483647}, \"description\": null, \"python_type\": \"int\", \"db_field_types\": {\"\": \"INT\"}}, {\"name\": \"user_id\", \"unique\": false, \"default\": null, \"indexed\": false, \"nullable\": false, \"db_column\": \"user_id\", \"docstring\": null, \"generated\": false, \"field_type\": \"IntField\", \"constraints\": {\"ge\": 1, \"le\": 2147483647}, \"description\": null, \"python_type\": \"int\", \"db_field_types\": {\"\": \"INT\"}}], \"description\": null, \"unique_together\": [], \"backward_fk_fields\": [], \"backward_o2o_fields\": []}, \"b303.CookingComment\": {\"app\": \"b303\", \"name\": \"b303.CookingComment\", \"table\": \"cookingcomment\", \"indexes\": [], \"abstract\": false, \"pk_field\": {\"name\": \"id\", \"unique\": true, \"default\": null, \"indexed\": true, \"nullable\": false, \"db_column\": \"id\", \"docstring\": null, \"generated\": true, \"field_type\": \"IntField\", \"constraints\": {\"ge\": 1, \"le\": 2147483647}, \"description\": null, \"python_type\": \"int\", \"db_field_types\": {\"\": \"INT\"}}, \"docstring\": null, \"fk_fields\": [{\"name\": \"user\", \"unique\": false, \"default\": null, \"indexed\": false, \"nullable\": false, \"docstring\": null, \"generated\": false, \"on_delete\": \"CASCADE\", \"raw_field\": \"user_id\", \"field_type\": \"ForeignKeyFieldInstance\", \"constraints\": {}, \"description\": null, \"python_type\": \"b303.User\", \"db_constraint\": true}, {\"name\": \"cooking\", \"unique\": false, \"default\": null, \"indexed\": false, \"nullable\": false, \"docstring\": null, \"generated\": false, \"on_delete\": \"CASCADE\", \"raw_field\": \"cooking_id\", \"field_type\": \"ForeignKeyFieldInstance\", \"constraints\": {}, \"description\": null, \"python_type\": \"b303.Cooking\", \"db_constraint\": true}], \"m2m_fields\": [], \"o2o_fields\": [], \"data_fields\": [{\"name\": \"content\", \"unique\": false, \"default\": null, \"indexed\": false, \"nullable\": false, \"db_column\": \"content\", \"docstring\": null, \"generated\": false, \"field_type\": \"CharField\", \"constraints\": {\"max_length\": 500}, \"description\": null, \"python_type\": \"str\", \"db_field_types\": {\"\": \"VARCHAR(500)\"}}, {\"name\": \"created_at\", \"unique\": false, \"default\": null, \"indexed\": false, \"auto_now\": false, \"nullable\": false, \"db_column\": \"created_at\", \"docstring\": null, \"generated\": false, \"field_type\": \"DatetimeField\", \"constraints\": {\"readOnly\": true}, \"description\": null, \"python_type\": \"datetime.datetime\", \"auto_now_add\": true, \"db_field_types\": {\"\": \"TIMESTAMP\", \"mssql\": \"DATETIME2\", \"mysql\": \"DATETIME(6)\", \"oracle\": \"TIMESTAMP WITH TIME ZONE\", \"postgres\": \"TIMESTAMPTZ\"}}, {\"name\": \"updated_at\", \"unique\": false, \"default\": null, \"indexed\": false, \"auto_now\": true, \"nullable\": false, \"db_column\": \"updated_at\", \"docstring\": null, \"generated\": false, \"field_type\": \"DatetimeField\", \"constraints\": {\"readOnly\": true}, \"description\": null, \"python_type\": \"datetime.datetime\", \"auto_now_add\": true, \"db_field_types\": {\"\": \"TIMESTAMP\", \"mssql\": \"DATETIME2\", \"mysql\": \"DATETIME(6)\", \"oracle\": \"TIMESTAMP WITH TIME ZONE\", \"postgres\": \"TIMESTAMPTZ\"}}, {\"name\": \"root\", \"unique\": false, \"default\": 0, \"indexed\": false, \"nullable\": false, \"db_column\": \"root\", \"docstring\": null, \"generated\": false, \"field_type\": \"IntField\", \"constraints\": {\"ge\": -2147483648, \"le\": 2147483647}, \"description\": null, \"python_type\": \"int\", \"db_field_types\": {\"\": \"INT\"}}, {\"name\": \"group\", \"unique\": false, \"default\": 0, \"indexed\": false, \"nullable\": false, \"db_column\": \"group\", \"docstring\": null, \"generated\": false, \"field_type\": \"IntField\", \"constraints\": {\"ge\": -2147483648, \"le\": 2147483647}, \"description\": null, \"python_type\": \"int\", \"db_field_types\": {\"\": \"INT\"}}, {\"name\": \"sequence\", \"unique\": false, \"default\": 0, \"indexed\": false, \"nullable\": false, \"db_column\": \"sequence\", \"docstring\": null, \"generated\": false, \"field_type\": \"IntField\", \"constraints\": {\"ge\": -2147483648, \"le\": 2147483647}, \"description\": null, \"python_type\": \"int\", \"db_field_types\": {\"\": \"INT\"}}, {\"name\": \"cooking_id\", \"unique\": false, \"default\": null, \"indexed\": false, \"nullable\": false, \"db_column\": \"cooking_id\", \"docstring\": null, \"generated\": false, \"field_type\": \"IntField\", \"constraints\": {\"ge\": 1, \"le\": 2147483647}, \"description\": null, \"python_type\": \"int\", \"db_field_types\": {\"\": \"INT\"}}, {\"name\": \"user_id\", \"unique\": false, \"default\": null, \"indexed\": false, \"nullable\": false, \"db_column\": \"user_id\", \"docstring\": null, \"generated\": false, \"field_type\": \"IntField\", \"constraints\": {\"ge\": 1, \"le\": 2147483647}, \"description\": null, \"python_type\": \"int\", \"db_field_types\": {\"\": \"INT\"}}], \"description\": null, \"unique_together\": [], \"backward_fk_fields\": [], \"backward_o2o_fields\": []}, \"b303.RecipeIngredient\": {\"app\": \"b303\", \"name\": \"b303.RecipeIngredient\", \"table\": \"recipeingredient\", \"indexes\": [], \"abstract\": false, \"pk_field\": {\"name\": \"id\", \"unique\": true, \"default\": null, \"indexed\": true, \"nullable\": false, \"db_column\": \"id\", \"docstring\": null, \"generated\": true, \"field_type\": \"IntField\", \"constraints\": {\"ge\": 1, \"le\": 2147483647}, \"description\": null, \"python_type\": \"int\", \"db_field_types\": {\"\": \"INT\"}}, \"docstring\": null, \"fk_fields\": [{\"name\": \"recipe\", \"unique\": false, \"default\": null, \"indexed\": false, \"nullable\": false, \"docstring\": null, \"generated\": false, \"on_delete\": \"CASCADE\", \"raw_field\": \"recipe_id\", \"field_type\": \"ForeignKeyFieldInstance\", \"constraints\": {}, \"description\": null, \"python_type\": \"b303.Recipe\", \"db_constraint\": true}, {\"name\": \"ingredient\", \"unique\": false, \"default\": null, \"indexed\": false, \"nullable\": false, \"docstring\": null, \"generated\": false, \"on_delete\": \"CASCADE\", \"raw_field\": \"ingredient_id\", \"field_type\": \"ForeignKeyFieldInstance\", \"constraints\": {}, \"description\": null, \"python_type\": \"b303.Ingredient\", \"db_constraint\": true}], \"m2m_fields\": [], \"o2o_fields\": [], \"data_fields\": [{\"name\": \"amount\", \"unique\": false, \"default\": null, \"indexed\": false, \"nullable\": true, \"db_column\": \"amount\", \"docstring\": null, \"generated\": false, \"field_type\": \"CharField\", \"constraints\": {\"max_length\": 20}, \"description\": null, \"python_type\": \"str\", \"db_field_types\": {\"\": \"VARCHAR(20)\"}}, {\"name\": \"ingredient_id\", \"unique\": false, \"default\": null, \"indexed\": false, \"nullable\": false, \"db_column\": \"ingredient_id\", \"docstring\": null, \"generated\": false, \"field_type\": \"IntField\", \"constraints\": {\"ge\": 1, \"le\": 2147483647}, \"description\": null, \"python_type\": \"int\", \"db_field_types\": {\"\": \"INT\"}}, {\"name\": \"recipe_id\", \"unique\": false, \"default\": null, \"indexed\": false, \"nullable\": false, \"db_column\": \"recipe_id\", \"docstring\": null, \"generated\": false, \"field_type\": \"IntField\", \"constraints\": {\"ge\": 1, \"le\": 2147483647}, \"description\": null, \"python_type\": \"int\", \"db_field_types\": {\"\": \"INT\"}}], \"description\": null, \"unique_together\": [], \"backward_fk_fields\": [], \"backward_o2o_fields\": []}}');
/*!40000 ALTER TABLE `aerich` ENABLE KEYS */;
UNLOCK TABLES;

--
-- Table structure for table `article`
--

DROP TABLE IF EXISTS `article`;
/*!40101 SET @saved_cs_client     = @@character_set_client */;
/*!50503 SET character_set_client = utf8mb4 */;
CREATE TABLE `article` (
  `id` int NOT NULL AUTO_INCREMENT,
  `title` varchar(50) NOT NULL,
  `content` varchar(10000) NOT NULL,
  `created_at` datetime(6) NOT NULL DEFAULT CURRENT_TIMESTAMP(6),
  `updated_at` datetime(6) NOT NULL DEFAULT CURRENT_TIMESTAMP(6) ON UPDATE CURRENT_TIMESTAMP(6),
  `category` int NOT NULL DEFAULT '0' COMMENT '글 분류, 0 = .., 1 = .., 2 = ..',
  `img_url` varchar(200) DEFAULT NULL COMMENT '썸네일 이미지',
  `views` int NOT NULL DEFAULT '0',
  `recipe_id` int DEFAULT NULL,
  `user_id` int NOT NULL COMMENT '글 작성자',
  PRIMARY KEY (`id`),
  KEY `fk_article_user_a9a2ddac` (`user_id`),
  CONSTRAINT `fk_article_user_a9a2ddac` FOREIGN KEY (`user_id`) REFERENCES `user` (`id`) ON DELETE CASCADE
) ENGINE=InnoDB AUTO_INCREMENT=30 DEFAULT CHARSET=utf8mb4 COLLATE=utf8mb4_0900_ai_ci;
/*!40101 SET character_set_client = @saved_cs_client */;

--
-- Dumping data for table `article`
--

LOCK TABLES `article` WRITE;
/*!40000 ALTER TABLE `article` DISABLE KEYS */;
INSERT INTO `article` VALUES (1,'안녕하세요','안녕하세요 여러분','2022-09-29 15:33:31.209751','2022-10-06 18:15:22.797503',0,'string',21,NULL,1),(2,'반갑습니다','<p>서로 레시피 정보 공유하고 잘 지내봅시다 ^^</p>','2022-10-03 17:26:17.053280','2022-10-06 18:15:27.722517',0,'',1,NULL,2),(7,'이거 진짜 맛잇음','<p></p>','2022-10-03 21:42:22.479465','2022-10-06 18:15:29.884549',0,'',15,NULL,1),(8,'오늘 아침에 고양이 봤어요','<p>오우 고양이 완전 귀엽겠죠?</p>','2022-10-04 16:19:15.497128','2022-10-06 18:15:34.009993',0,'',10,NULL,3),(9,'오늘 처음 왔어요!','<p>저도 요리사가 될꺼에요! 모두들 반가워요!</p>','2022-10-04 16:22:40.987865','2022-10-04 23:14:50.720101',0,'',4,NULL,12),(10,'님들 싸피 수료식이 언제에요?','<p>벌써 곧 자율 프로젝트가 시작 되네요</p>','2022-10-04 16:24:44.824226','2022-10-04 16:24:44.824256',0,'',0,NULL,3),(11,'오늘 점심 메뉴 추천 받습니다','<p>맘스터치랑 롯데리아 고민중인데 어디를 먹어야 좋을까요?</p><p>추천 해주세요!!</p>','2022-10-04 16:25:21.795031','2022-10-04 16:28:12.004197',0,'',1,NULL,3),(12,'프론트엔드 VS 백엔드','<p>코딩근으로 대결하면 어디가 더 팔씨름을 잘 할까요?</p>','2022-10-04 16:25:57.115710','2022-10-06 17:51:52.341014',0,'',7,NULL,12),(13,'불고기 집이 맛있더라구요','<p>근데 솔직히 잘 모르겠어요</p><p>저는 부대찌개가 더 좋아서 부대찌개를 먹고 싶었거든요</p>','2022-10-04 16:26:32.884410','2022-10-04 16:26:32.884440',0,'',0,NULL,12),(14,'CS 공부는 어떻게 해야?','<p>아차! CSS가 CS로 오타가 났네요!</p>','2022-10-04 16:27:01.817499','2022-10-06 17:51:58.432072',0,'',4,NULL,12),(15,'다이어트 식단 추천 좀','<p>샐러드랑 김이랑 같이 비벼 먹고 있는데 이건 좀 아닌거 같아서 무서워요....</p>','2022-10-04 16:29:04.369510','2022-10-06 15:59:33.636383',0,'',1,NULL,3),(16,'혹시 서울은 비 오나요?','<p>대전은 지금 비가 오고 있어서 엄청 습하네요!</p>','2022-10-04 16:29:44.978018','2022-10-06 17:51:41.928087',0,'',3,NULL,3),(17,'목욜날 점심 메뉴 기도 중','<p>부디 맛있는 것이 나오길 기도하겠습니다. 하느님 부처님</p>','2022-10-04 23:21:51.207884','2022-10-06 18:15:10.477662',0,'',18,NULL,2),(18,'불고기 먹을만 하더라','<p>나만 그런가ㅋ</p>','2022-10-05 02:14:52.704034','2022-10-06 23:14:10.085256',0,'',20,NULL,12),(19,'산출물 뭐 작성해야함?','<p>뭐뭐 작성 해야하더라</p><p>아는 사람?</p>','2022-10-05 02:15:32.888523','2022-10-06 23:13:18.095976',0,'',16,NULL,12),(20,'오늘 점심은 배달시켜야지','<p>요리하기 귀찮다</p>','2022-10-05 09:23:05.665241','2022-10-07 06:00:17.417031',0,'',4,NULL,2),(21,'점심 먹고 나니 졸리네...','<p>눈이 감긴다</p>','2022-10-05 13:53:35.054665','2022-10-06 22:37:08.526491',0,'',4,NULL,2),(23,'그래서 오늘 저녁 추천 좀','<p>뭐 </p>','2022-10-05 16:25:05.509001','2022-10-07 02:59:12.222219',0,'',74,NULL,2),(24,'안녕하세요!','<p>저는 잘생긴 사람입니다!</p>','2022-10-06 14:42:15.892892','2022-10-06 18:15:44.602525',0,'',41,NULL,12),(28,'안녕하세요','<p>반갑습니다.</p>','2022-10-06 16:52:17.798578','2022-10-07 10:09:34.919178',0,'',4,NULL,2),(29,'저에게 자취요리 배우실분~','<p>안녕하세요! 자취요리 3개월차 초보같은 중수입니다.</p><p></p><p>그간 만들어온 요리는 요리자랑 게시판에서 확인하실 수 있습니다.</p><p></p><p>다름이 아니고 저에게 자취요리를 배울 수 있는 기회가 생겼습니다! 와~~ 무려 공짜로 제공합니다!</p><p></p><p>저에게 요리를 배우고 싶으신 분들은</p><p></p><p>&lt;&lt;&lt;카카오톡 myNameisKing&gt;&gt;&gt;</p><p></p><p> 으로 연락 주시길 바랍니다.</p>','2022-10-06 17:33:36.598752','2022-10-07 01:35:51.877011',0,'',10,NULL,14);
/*!40000 ALTER TABLE `article` ENABLE KEYS */;
UNLOCK TABLES;

--
-- Table structure for table `articlecomment`
--

DROP TABLE IF EXISTS `articlecomment`;
/*!40101 SET @saved_cs_client     = @@character_set_client */;
/*!50503 SET character_set_client = utf8mb4 */;
CREATE TABLE `articlecomment` (
  `id` int NOT NULL AUTO_INCREMENT,
  `content` varchar(500) NOT NULL,
  `created_at` datetime(6) NOT NULL DEFAULT CURRENT_TIMESTAMP(6),
  `updated_at` datetime(6) NOT NULL DEFAULT CURRENT_TIMESTAMP(6) ON UPDATE CURRENT_TIMESTAMP(6),
  `root` int NOT NULL DEFAULT '0',
  `group` int NOT NULL DEFAULT '0',
  `sequence` int NOT NULL DEFAULT '0',
  `article_id` int NOT NULL,
  `user_id` int NOT NULL,
  PRIMARY KEY (`id`),
  KEY `fk_articlec_article_ff1fa09f` (`article_id`),
  KEY `fk_articlec_user_1dde74c3` (`user_id`),
  CONSTRAINT `fk_articlec_article_ff1fa09f` FOREIGN KEY (`article_id`) REFERENCES `article` (`id`) ON DELETE CASCADE,
  CONSTRAINT `fk_articlec_user_1dde74c3` FOREIGN KEY (`user_id`) REFERENCES `user` (`id`) ON DELETE CASCADE
) ENGINE=InnoDB AUTO_INCREMENT=36 DEFAULT CHARSET=utf8mb4 COLLATE=utf8mb4_0900_ai_ci;
/*!40101 SET character_set_client = @saved_cs_client */;

--
-- Dumping data for table `articlecomment`
--

LOCK TABLES `articlecomment` WRITE;
/*!40000 ALTER TABLE `articlecomment` DISABLE KEYS */;
INSERT INTO `articlecomment` VALUES (2,'반갑습니다','2022-09-29 15:37:44.190706','2022-09-29 15:37:44.190706',0,0,0,1,1),(3,'123','2022-10-03 15:33:53.434485','2022-10-03 15:33:53.434515',1,0,1,1,1),(4,'ddd','2022-10-03 15:39:17.079518','2022-10-03 15:39:17.079558',0,1,1,1,1),(5,'진짜네','2022-10-04 16:15:51.733163','2022-10-04 16:15:51.733194',0,1,1,7,3),(6,'undefined','2022-10-04 16:18:10.895049','2022-10-04 16:18:10.895079',0,2,1,7,10),(7,'404 not found','2022-10-04 16:18:25.146694','2022-10-04 16:18:25.146724',0,3,1,7,10),(8,'ㄹㅇㅋㅋ','2022-10-04 16:18:32.280300','2022-10-04 16:18:32.280332',1,1,2,7,10),(9,'와! 고양이! 어디에 있어요?','2022-10-04 16:22:14.587289','2022-10-04 16:22:14.587326',0,1,1,8,12),(10,'한밭대 근처에 한마리 있었어요ㅋㅋ','2022-10-04 16:23:21.211073','2022-10-04 16:23:21.211104',1,1,2,8,3),(11,'어림도 없지 고등어 조림','2022-10-04 23:27:01.568159','2022-10-04 23:27:01.568190',0,1,1,17,12),(12,'차라리 직접 해먹는다. 요리조리 나와!','2022-10-05 00:04:47.290440','2022-10-05 00:04:47.290468',1,1,2,17,2),(13,'밥줘!','2022-10-05 01:02:36.656882','2022-10-05 01:02:36.656912',1,1,3,17,12),(14,'⛰️ ??','2022-10-05 02:19:51.283874','2022-10-05 02:19:51.283902',0,1,1,19,2),(15,'불고기는 인정이지. ','2022-10-05 02:20:29.813690','2022-10-05 02:20:29.813719',0,1,1,18,2),(16,'난 빡종원이다','2022-10-05 16:09:40.392352','2022-10-05 16:09:40.392381',0,2,1,1,13),(18,'몰?루','2022-10-06 14:40:20.477022','2022-10-06 14:40:49.952926',1,-2,2,19,12),(19,'??','2022-10-06 14:40:43.712127','2022-10-06 14:40:43.712157',0,2,1,19,12),(20,'???????','2022-10-06 14:41:16.514677','2022-10-06 14:41:16.514708',0,3,1,19,12),(22,'ㅁㄴㅇㅁㄴㅇㅁㄴㅇㅁㅇㅁㅇㅁㄴㅇㅁㄴㅇㅁㄴㅇㅁㅇㅁㄴㅇㅁㄴㅇㅁㄴㅇㅁㄴㅇㅁㄴㅇㅁㄴㅇㅁㄴㅇㅁㄴㅇㅁㄴㅇㅁ','2022-10-06 16:07:51.439242','2022-10-06 16:08:27.997194',0,-4,1,23,2),(27,'ㅁㅁㅁㅁㅁㅁㅁㅁㅁㅁㅁㅁㅁㅁㅁㅁㅁㅁㅁㅁㅁㅁ','2022-10-06 16:35:03.214314','2022-10-06 16:37:07.077990',0,-3,1,24,13),(29,'ㄹㅇㅋㅋ','2022-10-06 16:48:14.924524','2022-10-06 16:48:14.924554',1,1,2,18,13),(30,'댓글 작성','2022-10-06 16:49:25.259707','2022-10-06 16:49:28.034245',0,-3,1,18,13),(31,';','2022-10-06 16:56:14.026974','2022-10-06 16:56:14.027004',0,7,1,23,18),(32,'얘들아 3년동안 수고했고','2022-10-06 17:34:09.879233','2022-10-06 17:34:09.879265',0,4,1,19,14),(33,'불고기덮밥 저에게 배우실분~','2022-10-06 17:34:23.771796','2022-10-06 17:34:23.771826',0,3,1,18,14),(34,'저요저요','2022-10-06 17:37:10.785912','2022-10-06 17:37:10.785943',0,1,1,29,15),(35,'요리 못하잖아','2022-10-06 17:51:21.068838','2022-10-06 17:51:21.068869',0,1,1,20,18);
/*!40000 ALTER TABLE `articlecomment` ENABLE KEYS */;
UNLOCK TABLES;

--
-- Table structure for table `cooking`
--

DROP TABLE IF EXISTS `cooking`;
/*!40101 SET @saved_cs_client     = @@character_set_client */;
/*!50503 SET character_set_client = utf8mb4 */;
CREATE TABLE `cooking` (
  `id` int NOT NULL AUTO_INCREMENT,
  `title` varchar(50) NOT NULL,
  `content` varchar(10000) NOT NULL,
  `created_at` datetime(6) NOT NULL DEFAULT CURRENT_TIMESTAMP(6),
  `updated_at` datetime(6) NOT NULL DEFAULT CURRENT_TIMESTAMP(6) ON UPDATE CURRENT_TIMESTAMP(6),
  `category` int NOT NULL DEFAULT '0' COMMENT '글 분류, 0 = .., 1 = .., 2 = ..',
  `img_url` varchar(200) NOT NULL COMMENT '썸네일 이미지',
  `views` int NOT NULL DEFAULT '0',
  `recipe_id` int DEFAULT NULL,
  `user_id` int NOT NULL COMMENT '갤러리 작성자',
  PRIMARY KEY (`id`),
  KEY `fk_cooking_user_a9640521` (`user_id`),
  CONSTRAINT `fk_cooking_user_a9640521` FOREIGN KEY (`user_id`) REFERENCES `user` (`id`) ON DELETE CASCADE
) ENGINE=InnoDB AUTO_INCREMENT=55 DEFAULT CHARSET=utf8mb4 COLLATE=utf8mb4_0900_ai_ci;
/*!40101 SET character_set_client = @saved_cs_client */;

--
-- Dumping data for table `cooking`
--

LOCK TABLES `cooking` WRITE;
/*!40000 ALTER TABLE `cooking` DISABLE KEYS */;
INSERT INTO `cooking` VALUES (1,'라면 한그릇','뚝딱','2022-09-29 15:42:38.953485','2022-10-06 18:16:13.953024',0,'https://cdn.pixabay.com/photo/2015/09/23/08/11/if-the-953110__340.jpg',22,0,7),(2,'타이틀','에어프라이어로 돌린 돈마호크와 양갈비 숯불구이 그리고 버섯','2022-10-04 10:55:56.395059','2022-10-06 18:16:15.762923',0,'https://ssafyb303.s3.ap-northeast-2.amazonaws.com/a19b9b88-1dc5-4f78-910b-a4c9af164746.jpg',13,0,2),(3,'타이틀','돈마호크와 숯불 양갈비','2022-10-04 10:56:39.531066','2022-10-07 00:52:14.659028',0,'https://ssafyb303.s3.ap-northeast-2.amazonaws.com/f35fbcee-68e3-4be3-95ec-f6713f5451fe.jpg',15,0,2),(4,'타이틀','차돌 라면입니다.','2022-10-05 15:56:35.896385','2022-10-06 18:16:34.629519',0,'https://ssafyb303.s3.ap-northeast-2.amazonaws.com/e39b33b6-8367-439c-abff-d25b845b14e1.jpg',9,0,2),(5,'타이틀','부대찌개 해먹었습니다.','2022-10-05 15:57:08.214069','2022-10-06 18:16:30.145541',0,'https://ssafyb303.s3.ap-northeast-2.amazonaws.com/7a4e077a-1a10-48a6-b3a7-e84c566823cb.jpg',6,0,2),(7,'타이틀','맛있는 짜장면','2022-10-05 15:58:15.895845','2022-10-06 13:44:19.284420',0,'https://ssafyb303.s3.ap-northeast-2.amazonaws.com/90bd29d6-7880-4eb2-9c33-3efc75db0063.jpg',7,0,2),(9,'타이틀','냉면은 함흥 냉면, 비빔냉면','2022-10-05 15:59:39.494744','2022-10-06 17:34:08.108400',0,'https://ssafyb303.s3.ap-northeast-2.amazonaws.com/10e1a82a-8e48-423f-b281-293a650d7a0f.jpg',6,0,2),(10,'타이틀','돈코츠 라멘','2022-10-05 16:01:48.113666','2022-10-06 22:14:41.015635',0,'https://ssafyb303.s3.ap-northeast-2.amazonaws.com/6f5dd5f6-d5c3-45e3-a7cb-d9ac3735475b.jpg',3,0,2),(11,'타이틀','마늘 족발 보쌈','2022-10-05 16:02:03.473742','2022-10-06 15:44:10.132472',0,'https://ssafyb303.s3.ap-northeast-2.amazonaws.com/9f04ccb2-cc11-47a1-9208-82c285b162e5.jpg',3,0,2),(12,'타이틀','애플망고 치즈 빙수~','2022-10-05 16:23:26.720892','2022-10-06 14:49:46.177229',0,'https://ssafyb303.s3.ap-northeast-2.amazonaws.com/b13bc389-bd3c-4ba5-aada-50c9d5003141.jpg',6,0,2),(13,'타이틀','<p>완전 맛있겠죠?</p>','2022-10-06 01:32:15.926193','2022-10-06 22:14:46.679073',0,'https://ssafyb303.s3.ap-northeast-2.amazonaws.com/8cef3817-ee81-431f-9272-7d9eb89664b8.jpg',4,257,12),(14,'타이틀','<p>완전 맛있는 제육</p>','2022-10-06 01:34:03.102044','2022-10-06 14:44:01.744414',0,'https://ssafyb303.s3.ap-northeast-2.amazonaws.com/58a24c95-95e0-4e40-b539-77303bc2ae64.jpg',4,257,12),(15,'타이틀','<p>완전 맛있겠죠?</p>','2022-10-06 01:34:57.068312','2022-10-06 22:14:43.195667',0,'https://ssafyb303.s3.ap-northeast-2.amazonaws.com/aa5eb67e-bb08-4dbe-bc26-a7afa26600bd.jpg',8,256,12),(16,'타이틀','<p>민트초코!</p>','2022-10-06 01:37:22.490707','2022-10-06 15:03:35.758772',0,'https://ssafyb303.s3.ap-northeast-2.amazonaws.com/0a56db40-c795-4cbb-86b5-8f72facaf057.jpg',5,247,12),(17,'타이틀','<p>민트초코 젤리!</p>','2022-10-06 01:38:09.630537','2022-10-06 15:44:07.873549',0,'https://ssafyb303.s3.ap-northeast-2.amazonaws.com/e6f275ee-fa54-4b44-b52a-07b8580708f0.jpg',5,254,12),(18,'타이틀','<p>한밭대 교내 식당 ㄷㄷㄷ</p>','2022-10-06 01:40:44.283795','2022-10-06 14:17:27.975574',0,'https://ssafyb303.s3.ap-northeast-2.amazonaws.com/32b6764d-b0c1-47d5-8541-0c4e40338f5d.jpg',14,248,12),(19,'타이틀','<p>꿀</p>','2022-10-06 01:43:51.504523','2022-10-06 17:27:45.177889',0,'https://ssafyb303.s3.ap-northeast-2.amazonaws.com/16eda618-a41e-4e60-9f3e-7233c18dd836.jpg',7,234,12),(20,'타이틀','<p>햄부</p>','2022-10-06 01:44:11.557857','2022-10-06 17:29:13.465769',0,'https://ssafyb303.s3.ap-northeast-2.amazonaws.com/b97d89a1-1792-4956-878f-8d9054f6f8c6.jpg',9,256,12),(21,'타이틀','<p>나는 피자가 너무 좋아!</p>','2022-10-06 01:44:30.034144','2022-10-06 17:28:32.931548',0,'https://ssafyb303.s3.ap-northeast-2.amazonaws.com/27088a18-606f-4eca-b6d5-fd287e117443.jpg',6,250,12),(22,'타이틀','<p>파스타는 못참지ㅋ</p>','2022-10-06 01:44:47.955773','2022-10-06 23:21:08.886623',0,'https://ssafyb303.s3.ap-northeast-2.amazonaws.com/f85b5dae-7acf-4256-afe0-c15e4097be74.jpg',12,246,12),(23,'타이틀','<p>한밭대 최고!</p>','2022-10-06 01:45:05.482301','2022-10-06 17:36:38.156206',0,'https://ssafyb303.s3.ap-northeast-2.amazonaws.com/92c3b82e-6263-4955-a520-f669e4b1b943.jpg',13,247,12),(24,'타이틀','<p>군산 물짜장!</p>','2022-10-06 01:45:29.812292','2022-10-06 15:04:44.386956',0,'https://ssafyb303.s3.ap-northeast-2.amazonaws.com/8a3fb952-24fc-44ee-a70e-da4e62670e50.jpg',12,149,12),(25,'타이틀','<p>핫케잌!</p>','2022-10-06 01:46:41.844748','2022-10-06 15:41:25.042562',0,'https://ssafyb303.s3.ap-northeast-2.amazonaws.com/fa4303ab-8466-4fbd-9769-8dca7bc3c04b.jpg',13,256,12),(26,'타이틀','<p>맛있는 맥</p>','2022-10-06 01:47:58.441701','2022-10-07 01:07:53.771866',0,'https://ssafyb303.s3.ap-northeast-2.amazonaws.com/836434df-5300-4c52-ba22-a961e3197b0d.jpg',68,244,12),(27,'타이틀','<p></p>','2022-10-06 12:39:06.651339','2022-10-07 01:07:50.531718',0,'https://ssafyb303.s3.ap-northeast-2.amazonaws.com/da4ab7d3-0d03-4c17-aab1-1f1ab856e8f9.jpg',33,0,13),(29,'타이틀','<p>맛있는 계란볶음밥입니다~ 냉동 야채믹스랑 계란, 밥 만으로 이러한 비주얼을 만들어낼 수 있지요! </p><p>어때요? 참 쉽죠?</p>','2022-10-06 15:43:13.750251','2022-10-06 16:01:30.892551',0,'https://ssafyb303.s3.ap-northeast-2.amazonaws.com/8c2d07f3-0e98-480c-9551-99e9ef95e141.jpg',2,0,14),(30,'타이틀','<p>소고기 간장볶음입니다!</p><p>양파도 넣어 고기와 곁들여먹을 수 있도록 했습니다~</p><p>어때요? 참 맛있겠죠?</p>','2022-10-06 15:44:04.128008','2022-10-06 15:46:07.176701',0,'https://ssafyb303.s3.ap-northeast-2.amazonaws.com/91e5ca7d-4ec3-4511-9c25-90f5dd9b86bf.jpg',1,0,14),(31,'타이틀','<p>소고기 간장볶음을 메인 디쉬로 하여 차려본 자취러 한 상입니다!</p><p>어때요? 참 맛있겠죠?</p>','2022-10-06 15:44:35.843948','2022-10-06 17:33:12.715183',0,'https://ssafyb303.s3.ap-northeast-2.amazonaws.com/64ad0562-8774-458d-b962-e37c3848ff2c.jpg',5,0,14),(32,'타이틀','<p>스팸야채볶음밥입니다!</p><p>냉동 야채믹스,  스팸(리챔x), 밥과 굴소스, 약간의 소금을 이용하여 만들었지요~</p><p>어때요? 참 맛있겠죠? </p><p>여려분들도 만들 수 있습니다!</p>','2022-10-06 15:45:37.025271','2022-10-06 17:32:20.449966',0,'https://ssafyb303.s3.ap-northeast-2.amazonaws.com/8fdd5beb-4dc9-4a97-be8d-a427a39ee327.jpg',6,0,14),(33,'타이틀','<p>마늘보쌈 한상입니다!</p><p>보쌈 만드는 게 힘들 거라 생각하는데 전혀 힘들지 않습니다!</p><p>보쌈용 앞다리살 혹은 삼겹살, 콜라 500ml, 진간장 한 컵, 대파, 마늘 조금만 있으면 여러분들도 만들 수 있습니다!</p><p>어때요, 참 맛있겠죠?</p>','2022-10-06 15:46:51.533168','2022-10-06 16:04:49.699654',0,'https://ssafyb303.s3.ap-northeast-2.amazonaws.com/9faa9480-2349-4d4f-9f46-01528fd87d3d.jpg',3,0,14),(34,'타이틀','<p>맛있게 만든 비빔면입니다!</p><p>이 때깔 좀 보세요~ 여러분들도 이렇게 만들 수 있습니다!</p><p>면을 익히고 바로 그릇에 담지 말고 시원한 물로 행궈주면 이런 때깔을 볼 수 있습니다~</p><p>어때요? 참 쉽죠?</p>','2022-10-06 15:48:06.763122','2022-10-06 16:04:51.479869',0,'https://ssafyb303.s3.ap-northeast-2.amazonaws.com/1a66948f-bdab-4ca1-8533-8f47f40bf7a8.jpg',2,0,14),(35,'타이틀','<p>집에 남은 치킨을 활용한 치킨마요입니다!</p><p>기존 치킨마요보다 치킨의 사이즈가 좀 크죠? ㅎㅎ 남은 치킨을 활용한다면 이렇게 큼직한 치킨 조각을 넣을 수 있답니다~</p><p>마요네즈가 예쁘게 나오지 않아 비주얼은 조금 아쉽지만 맛은 진짜 맛있습니다!</p><p>사진에서 보이지 않지만 아래에 간장과 설탕에 졸인 양파가 가득 있어 치킨과의 조화가 아주 일품입니다!</p><p>어때요? 참 맛있겠죠? 여러분들도 치킨이 남는다면 이런 음식 시도해보세요~!</p>','2022-10-06 15:49:53.201133','2022-10-06 17:36:28.904132',0,'https://ssafyb303.s3.ap-northeast-2.amazonaws.com/872239cd-783a-48bb-ae8c-854384105b70.jpg',5,0,14),(36,'타이틀','<p>돼지김치볶음을 활용한 볶음밥입니다!</p><p>때깔 보십쇼... 와 진짜 먹음직스럽지 않나요?</p><p>이건 진짜 못 참습니다....</p><p>어때요? 참 침 줄줄 흐르죠?</p>','2022-10-06 15:50:59.071702','2022-10-06 17:26:30.736195',0,'https://ssafyb303.s3.ap-northeast-2.amazonaws.com/80823927-6dbb-4347-bfaa-c64d0bbdc7d3.jpg',5,0,14),(37,'타이틀','<p>돼지김치볶음입니다!</p><p>이거 못 참습니다.</p><p>밥도둑이죠 밥도둑!!!!</p><p>전 밥 3공기정도 먹은 것 같네요...</p><p>어때요? 참 맛있겠죠? 여러분들도 먹을 수 있습니다! </p><p>제가 만든 건 아니지만 가게 위치는 제가 알려드릴 수 있지요~ 어디인지 궁금하시다면 절 팔로우해주세요!</p>','2022-10-06 15:52:38.319480','2022-10-06 17:26:33.698201',0,'https://ssafyb303.s3.ap-northeast-2.amazonaws.com/d5a15b8f-293b-4c81-ba76-932e7e2a2437.jpg',7,0,14),(38,'타이틀','<p>리챔(ㅜㅜ)김치볶음밥입니다!</p><p>집에서 쉽게 만들 수 있지요!</p><p>볶음김치, 리챔, 밥, 굴소스만 있다면 당신도 최고급 요리사가 될 수 있습니다!</p><p>어때요? 참 쉽죠?</p>','2022-10-06 15:56:01.161572','2022-10-07 00:52:06.239737',0,'https://ssafyb303.s3.ap-northeast-2.amazonaws.com/541925f4-53b0-4681-9033-ae4827ef57e1.jpg',6,0,14),(39,'타이틀','<p>애호박볶음입니다!</p><p>양파에 간장을 많이 넣어서 비주얼은 상당히 별로지만... 맛은 상당히 좋았습니다!</p><p>애호박 1/2개, 양파 1/2개, 진간장 조금 이면 여러분들도 이런 맛있는 반찬을 만들 수 있답니다~</p><p>어때요? 참 맛있겠죠?</p>','2022-10-06 15:58:06.840051','2022-10-06 17:26:48.815205',0,'https://ssafyb303.s3.ap-northeast-2.amazonaws.com/a47c9e0f-f3d6-4fa8-8859-bf578bbe293d.jpg',4,0,14),(40,'타이틀','<p>리챔(ㅜㅜ마요입니다!</p><p>사진 장난 아니죠? 진짜 맛있어서 흡입하듯이 먹었답니다~</p><p>리챔, 계란, 마요네즈, 양파, 밥, 굴소스, 소금 약간 이면 여러분들도 이런 음식 뚝딱 만들 수 있어요!</p><p>어때요? 참 빛깔 곱죠?</p>','2022-10-06 15:59:21.899758','2022-10-06 17:26:39.842150',0,'https://ssafyb303.s3.ap-northeast-2.amazonaws.com/09441d22-881a-4dd4-8fa8-fc0997fdd753.jpg',8,0,14),(41,'타이틀','<p>고기국수입니다! </p><p>사진에서도 느낄 수 있듯이 고기 양이 상당합니다!</p><p>국물도 완전 진해서 마치 국밥을 먹는 느낌이랄까요?</p><p>제가 직접 만든건 아니지만 이런 비주얼, 참을 수 있으신가요?</p><p>어때요? 참 맛있겠죠? 저 팔로잉해주시면 어딘지 알려드릴게요!</p>','2022-10-06 16:02:14.230825','2022-10-06 17:36:47.065270',0,'https://ssafyb303.s3.ap-northeast-2.amazonaws.com/c5225366-6e1e-4a68-9ba3-73c4739ec96b.jpg',7,0,14),(42,'타이틀','<p>야끼소바입니다!</p><p>비주얼로도 군침을 자극하는 이 음식, 여러분들도 먹고 싶지 않으십니까?</p><p>이 음식의 출처는 바로 여기입니다!</p><p>&lt;&lt;대전 타마&gt;&gt;</p><p>여러분들도 이거 먹으로 오세요~</p>','2022-10-06 16:04:46.767397','2022-10-06 17:26:28.676327',0,'https://ssafyb303.s3.ap-northeast-2.amazonaws.com/429e4561-38e0-46c0-afa2-c93766e4148a.jpg',4,0,14),(43,'타이틀','<p>하이볼입니다!</p><p>크~ 보기만 해도 시원해지는 이 느낌! 아 다시 마시러 가고 싶네요....</p><p>달달하고 짠 음식과 함께하면 더 맛있어지는 이 하이볼!</p><p>어때요? 참 목넘김 좋겠죠?</p>','2022-10-06 16:06:04.762687','2022-10-07 10:10:41.458468',0,'https://ssafyb303.s3.ap-northeast-2.amazonaws.com/1adb0b6f-bf9f-4e22-bd05-549698955155.jpg',3,0,14),(44,'타이틀','<p>남은 치킨과 느타리버섯을 이용한 치킨느타리버섯볶음밥입니다!</p><p>남은 치킨 처리하기 곤란하시잖아요? 이렇게 활용하시면 좋습니다~</p><p>느타리버섯도 된장찌개 끓이고 남은 버섯을 가지고 만든건데 이것도 이렇게 활용하시면 좋습니다~</p><p>남은 치킨, 느타리버섯, 양파, 대파, 밥, 굴소스 만 있으면 여러분들도 이 음식을 만들 수 있습니다!</p><p>어때요? 참 쉽죠?</p>','2022-10-06 16:07:37.872572','2022-10-07 00:51:53.065112',0,'https://ssafyb303.s3.ap-northeast-2.amazonaws.com/b4881e38-00d0-41e1-8b11-5bba850797ea.jpg',3,0,14),(45,'타이틀','<p>굴소스계란볶음밥입니다!</p><p>크 비주얼 보십쇼 진짜 맛있을 거 같지 않나요??  아주 꼬소하고 굴소스맛의 진득함이 입안 가득 퍼집니다!</p><p>반찬으로 애호박볶음과 간장양파조림을 곁들인다면 최고의 한 상이 되겠죠?</p><p>어때요? 참 맛있겠죠?</p>','2022-10-06 16:10:06.889287','2022-10-06 17:27:37.792180',0,'https://ssafyb303.s3.ap-northeast-2.amazonaws.com/f33a6103-751d-4c73-ab35-2dda1278a8f0.jpg',4,0,14),(46,'타이틀','<p>간장소스에 버무려먹는 소바와 돈까스입니다!</p><p>이 정갈한 비주얼좀 보세요~ 진짜 바로 먹고 싶은 때깔입니다!</p><p>둘 다 기성제품이지만...비주얼이 너무 좋아서 자랑합니다.</p><p>어때요? 참 좋죠?</p>','2022-10-06 16:11:22.293427','2022-10-07 01:07:47.175867',0,'https://ssafyb303.s3.ap-northeast-2.amazonaws.com/fd9a5948-da23-4fb4-a654-45c009c2f134.jpg',8,0,14),(47,'타이틀','<p>피자 먹은 날</p>','2022-10-07 02:52:03.845230','2022-10-07 02:52:03.845261',0,'https://ssafyb303.s3.ap-northeast-2.amazonaws.com/c4f4b001-4c3a-4c8b-aeb6-afc7c3e68d4b.jpg',0,0,2),(48,'타이틀','<p>육회 초밥 먹은 날</p>','2022-10-07 02:52:31.891871','2022-10-07 02:52:31.891902',0,'https://ssafyb303.s3.ap-northeast-2.amazonaws.com/440031dd-f2ce-458f-8b54-e268dfee08ad.jpg',0,191,2),(49,'타이틀','<p>삼겹살</p>','2022-10-07 02:54:01.490539','2022-10-07 02:54:01.490571',0,'https://ssafyb303.s3.ap-northeast-2.amazonaws.com/d02101b8-04c3-4ea5-8dbd-03d27ebb282a.jpg',0,0,2),(50,'타이틀','<p>차슈덮밥</p>','2022-10-07 02:54:18.560787','2022-10-07 02:54:18.560818',0,'https://ssafyb303.s3.ap-northeast-2.amazonaws.com/a1ba9239-fe35-429d-b808-7dd5573e466b.jpg',0,0,2),(51,'타이틀','<p>이비가 짬뽕과 짜장면</p>','2022-10-07 02:55:16.177669','2022-10-07 10:09:06.019569',0,'https://ssafyb303.s3.ap-northeast-2.amazonaws.com/7c2580db-fae0-471f-bcd7-cb71e7cdb051.jpg',1,0,2),(52,'타이틀','<p>찜닭</p>','2022-10-07 02:55:30.319106','2022-10-07 10:09:02.315285',0,'https://ssafyb303.s3.ap-northeast-2.amazonaws.com/e423dc98-f5ff-4057-a7c4-7642eb0bc842.jpg',1,0,2),(53,'타이틀','<p>돈가스</p>','2022-10-07 02:55:49.182383','2022-10-07 10:08:57.683042',0,'https://ssafyb303.s3.ap-northeast-2.amazonaws.com/ca8d8922-084b-454e-9672-4bab0e9bb902.jpg',1,0,2),(54,'타이틀','<p>제육볶음</p>','2022-10-07 02:56:09.364197','2022-10-07 10:08:50.360586',0,'https://ssafyb303.s3.ap-northeast-2.amazonaws.com/9773d6e6-22ce-4175-ad73-0d1f9d49adf5.jpg',1,0,2);
/*!40000 ALTER TABLE `cooking` ENABLE KEYS */;
UNLOCK TABLES;

--
-- Table structure for table `cookingcomment`
--

DROP TABLE IF EXISTS `cookingcomment`;
/*!40101 SET @saved_cs_client     = @@character_set_client */;
/*!50503 SET character_set_client = utf8mb4 */;
CREATE TABLE `cookingcomment` (
  `id` int NOT NULL AUTO_INCREMENT,
  `content` varchar(500) NOT NULL,
  `created_at` datetime(6) NOT NULL DEFAULT CURRENT_TIMESTAMP(6),
  `updated_at` datetime(6) NOT NULL DEFAULT CURRENT_TIMESTAMP(6) ON UPDATE CURRENT_TIMESTAMP(6),
  `root` int NOT NULL DEFAULT '0',
  `group` int NOT NULL DEFAULT '0',
  `sequence` int NOT NULL DEFAULT '0',
  `cooking_id` int NOT NULL,
  `user_id` int NOT NULL,
  PRIMARY KEY (`id`),
  KEY `fk_cookingc_cooking_d334ff3d` (`cooking_id`),
  KEY `fk_cookingc_user_2f74968d` (`user_id`),
  CONSTRAINT `fk_cookingc_cooking_d334ff3d` FOREIGN KEY (`cooking_id`) REFERENCES `cooking` (`id`) ON DELETE CASCADE,
  CONSTRAINT `fk_cookingc_user_2f74968d` FOREIGN KEY (`user_id`) REFERENCES `user` (`id`) ON DELETE CASCADE
) ENGINE=InnoDB AUTO_INCREMENT=27 DEFAULT CHARSET=utf8mb4 COLLATE=utf8mb4_0900_ai_ci;
/*!40101 SET character_set_client = @saved_cs_client */;

--
-- Dumping data for table `cookingcomment`
--

LOCK TABLES `cookingcomment` WRITE;
/*!40000 ALTER TABLE `cookingcomment` DISABLE KEYS */;
INSERT INTO `cookingcomment` VALUES (1,'맛있겠네요','2022-09-29 15:44:16.843478','2022-10-05 17:14:17.172602',0,-1,0,1,1),(3,'첫번째 댓글','2022-10-04 15:17:46.420856','2022-10-04 15:17:46.420886',0,1,1,3,3),(4,'와 추억이다','2022-10-05 17:13:44.768748','2022-10-05 17:13:44.768777',0,1,1,11,1),(5,'개쩐다','2022-10-05 17:14:09.597055','2022-10-05 17:14:09.597088',0,1,1,5,1),(6,'맥콜 짱','2022-10-06 08:57:36.352438','2022-10-06 08:57:36.352468',0,1,1,26,2),(7,'킹','2022-10-06 08:59:52.498004','2022-10-06 08:59:52.498034',0,1,1,23,2),(8,'이것은 콜라인가 맥주인가','2022-10-06 13:08:59.247512','2022-10-06 13:08:59.247543',1,1,2,26,13),(9,'스팸 국룰이지','2022-10-06 15:46:36.311008','2022-10-06 15:46:36.311038',0,1,1,32,15),(10,'아 리챔 선넘네','2022-10-06 16:00:09.513988','2022-10-06 16:00:09.514019',0,1,1,38,15),(11,'아 리챔 선넘는다고','2022-10-06 16:05:13.850410','2022-10-06 17:26:44.527074',0,-2,1,40,15),(19,'오진다','2022-10-06 17:31:52.734842','2022-10-06 17:31:52.734876',0,1,1,4,15),(23,'동무 려권내라우','2022-10-06 17:34:14.011840','2022-10-06 17:34:14.011872',0,1,1,9,13),(24,'동무 려권내라우','2022-10-06 17:36:53.178431','2022-10-06 17:36:53.178462',0,2,1,41,13),(25,'Wa!','2022-10-06 18:16:08.787874','2022-10-06 18:16:08.787904',0,1,1,46,2),(26,'asdf','2022-10-07 10:10:44.998511','2022-10-07 10:10:47.227069',0,-2,1,43,13);
/*!40000 ALTER TABLE `cookingcomment` ENABLE KEYS */;
UNLOCK TABLES;

--
-- Table structure for table `follow`
--

DROP TABLE IF EXISTS `follow`;
/*!40101 SET @saved_cs_client     = @@character_set_client */;
/*!50503 SET character_set_client = utf8mb4 */;
CREATE TABLE `follow` (
  `user_rel_id` int NOT NULL,
  `user_id` int NOT NULL,
  KEY `user_rel_id` (`user_rel_id`),
  KEY `user_id` (`user_id`),
  CONSTRAINT `follow_ibfk_1` FOREIGN KEY (`user_rel_id`) REFERENCES `user` (`id`) ON DELETE CASCADE,
  CONSTRAINT `follow_ibfk_2` FOREIGN KEY (`user_id`) REFERENCES `user` (`id`) ON DELETE CASCADE
) ENGINE=InnoDB DEFAULT CHARSET=utf8mb4 COLLATE=utf8mb4_0900_ai_ci;
/*!40101 SET character_set_client = @saved_cs_client */;

--
-- Dumping data for table `follow`
--

LOCK TABLES `follow` WRITE;
/*!40000 ALTER TABLE `follow` DISABLE KEYS */;
INSERT INTO `follow` VALUES (2,3),(2,12),(2,10),(13,2),(10,13),(11,13),(2,11),(16,13),(16,12),(12,2),(12,16),(2,13),(2,7),(15,2),(15,16),(13,14),(15,14),(15,12),(12,15),(12,14),(14,12),(14,15),(14,13),(2,14);
/*!40000 ALTER TABLE `follow` ENABLE KEYS */;
UNLOCK TABLES;

--
-- Table structure for table `ingredient`
--

DROP TABLE IF EXISTS `ingredient`;
/*!40101 SET @saved_cs_client     = @@character_set_client */;
/*!50503 SET character_set_client = utf8mb4 */;
CREATE TABLE `ingredient` (
  `id` int NOT NULL AUTO_INCREMENT,
  `name` varchar(30) NOT NULL,
  PRIMARY KEY (`id`)
) ENGINE=InnoDB AUTO_INCREMENT=462 DEFAULT CHARSET=utf8mb4 COLLATE=utf8mb4_0900_ai_ci;
/*!40101 SET character_set_client = @saved_cs_client */;

--
-- Dumping data for table `ingredient`
--

LOCK TABLES `ingredient` WRITE;
/*!40000 ALTER TABLE `ingredient` DISABLE KEYS */;
INSERT INTO `ingredient` VALUES (1,'양파'),(2,'당근'),(3,'마늘'),(4,'대파'),(5,'계란'),(6,'돼지고기'),(7,'소고기'),(8,'닭고기'),(9,'우유'),(10,'설탕'),(11,'간장'),(12,'고추장'),(13,'고춧가루'),(14,'물'),(15,'고구마'),(16,'찹쌀가루'),(17,'잣'),(18,'팬케이크믹스'),(19,'팬케익믹스'),(20,'파스타면'),(21,'관자'),(22,'화이트와인'),(23,'레몬'),(24,'페페론치노'),(25,'버터'),(26,'올리브오일'),(27,'소금'),(28,'후추'),(29,'파슬리'),(30,'참깨빵'),(31,'순쇠고기패티'),(32,'특별한소스'),(33,'양상추'),(34,'치즈'),(35,'피클'),(36,'검은콩'),(37,'메밀면'),(38,'오이'),(39,'방울토마토'),(40,'참깨'),(41,'삼치'),(42,'소고기우둔살'),(43,'삼겹살'),(44,'귀리밥'),(45,'배춧잎'),(46,'메추리알'),(47,'생강'),(48,'샐러리'),(49,'아욱'),(50,'부추'),(51,'마늘기름'),(52,'건새우'),(53,'쌀'),(54,'통깨'),(55,'칵테일새우'),(56,'꽈리고추'),(57,'로즈마리'),(58,'저염'),(59,'홀토마토'),(60,'생강청'),(61,'통후추'),(62,'감자'),(63,'애호박'),(64,'흰후추'),(65,'커피'),(66,'깻잎'),(67,'우렁이'),(68,'어간장'),(69,'베이컨'),(70,'단호박'),(71,'파슬리가루'),(72,'백일송이'),(73,'라이스버거'),(74,'함초소금'),(75,'레몬즙'),(76,'다진양파'),(77,'오이고추'),(78,'맛간장'),(79,'브로콜리'),(80,'다진대파'),(81,'닭가슴살'),(82,'전분가루'),(83,'광어'),(84,'생강즙'),(85,'연근'),(86,'팽이버섯'),(87,'버터15'),(88,'정종'),(89,'볶은'),(90,'무'),(91,'후춧가루'),(92,'시금치'),(93,'달걀'),(94,'밀가루'),(95,'치즈가루'),(96,'다진돼지고기'),(97,'아몬드'),(98,'호두'),(99,'파프리카'),(100,'다진쪽파'),(101,'두부'),(102,'생크림'),(103,'주꾸미'),(104,'꿀'),(105,'새우'),(106,'코코넛밀크'),(107,'강황가루'),(108,'청경채'),(109,'미나리'),(110,'닭고기살'),(111,'튀김기름'),(112,'브로컬리'),(113,'육수'),(114,'청고추'),(115,'모짜렐라치즈'),(116,'저염간장'),(117,'새송이'),(118,'홍고추'),(119,'카레가루'),(120,'백년초국수'),(121,'뽕잎국수'),(122,'통삼겹살'),(123,'연두부 75g'),(124,'연유'),(125,'함초가루'),(126,'칵테일새우 20g'),(127,'대추'),(128,'달걀 30g'),(129,'생크림 13g'),(130,'식초'),(131,'녹말'),(132,'설탕 5g'),(133,'배'),(134,'녹말가루'),(135,'식용유'),(136,'쌈장'),(137,'무염버터 5g'),(138,'유자청'),(139,'토마토'),(140,'또띠아'),(141,'인삼'),(142,'발사믹소스'),(143,'펜네'),(144,'양송이'),(145,'느타리버섯'),(146,'배추잎'),(147,'가지'),(148,'사과'),(149,'통오징어'),(150,'모시조개'),(151,'연어'),(152,'청피망'),(153,'흑임자'),(154,'3마리'),(155,'월계수잎'),(156,'머스터드'),(157,'스파게티'),(158,'올리고당'),(159,'바질'),(160,'천일염'),(161,'100g'),(162,'계피가루'),(163,'콜리플라워'),(164,'통마늘'),(165,'도라지'),(166,'와사비'),(167,'오곡'),(168,'콜라비'),(169,'오미자'),(170,'청주'),(171,'150g'),(172,'무화과'),(173,'표고버섯'),(174,'청포묵'),(175,'쪽파'),(176,'고수'),(177,'라이스페이퍼'),(178,'아스파라거스'),(179,'참기름'),(180,'디종머스터드'),(181,'다시마'),(182,'새송이버섯'),(183,'찬밥'),(184,'오징어'),(185,'닭다리살'),(186,'재료 양송이버섯'),(187,'-'),(188,'쇠고기'),(189,'파'),(190,'다진'),(191,'재료 현미'),(192,'멥쌀'),(193,'국멸치'),(194,'새우가루'),(195,'건다시마'),(196,'들깻가루'),(197,'양배추'),(198,'80g'),(199,'애느타리버섯'),(200,'송송 썬 붉은 고추'),(201,'풋'),(202,'재료 피망'),(203,'재료 콩고기'),(204,'재료 수박껍질'),(205,'아보카도'),(206,'양송이버섯 밑동'),(207,'쑥갓'),(208,'바나나'),(209,'재료 바나나'),(210,'저염베이컨'),(211,'저염버터'),(212,'재료 신선초'),(213,'만두피'),(214,'참나물'),(215,'새싹채소'),(216,'피망'),(217,'취나물'),(218,'3장)\n바질가루'),(219,'재료 감자'),(220,'재료 마늘'),(221,'적겨자'),(222,'퀴노아'),(223,'리코타치즈'),(224,'플레인 요구르트'),(225,'휘핑크림'),(226,'붉은 고추'),(227,'어린잎채소'),(228,'저염치즈'),(229,'청양고추'),(230,'풋고추'),(231,'재료 양파'),(232,'쌀파스타면'),(233,'스파게티면'),(234,'당면'),(235,'청국장'),(236,'재료 새우'),(237,'두 가지 색 파프리카'),(238,'이태리시즈닝'),(239,'조개'),(240,'황태포'),(241,'재료 라면'),(242,'라면'),(243,'홍합'),(244,'채 썬 돼지고기'),(245,'으깬 두부'),(246,'파인애플'),(247,'고추기름'),(248,'들기름'),(249,'두반장'),(250,'20g)\n레드와인'),(251,'라면스프'),(252,'매실청'),(253,'60g'),(254,'케일'),(255,'파르메산 치즈가루'),(256,'얇게 썬 생강'),(257,'비타민'),(258,'가다랑어포'),(259,'맛술'),(260,'가시오가피'),(261,'흑설탕'),(262,'올리브유'),(263,'다진 파'),(264,'호박잎'),(265,'다진 마늘'),(266,'돼지머리'),(267,'실곤약'),(268,'우동면'),(269,'밥'),(270,'비트'),(271,'120g'),(272,'치자가루'),(273,'찹쌀'),(274,'코다리'),(275,'다진마늘'),(276,'콩나물'),(277,'빨간파프리카'),(278,'밤'),(279,'함초'),(280,'겨자가루'),(281,'황태채'),(282,'레몬소금'),(283,'곤약'),(284,'오리고기'),(285,'건미역'),(286,'들깨가루'),(287,'오렌지'),(288,'전분'),(289,'된장'),(290,'풋사과'),(291,'블루베리'),(292,'액젓'),(293,'땅콩'),(294,'연겨자'),(295,'레디쉬'),(296,'전복'),(297,'참외'),(298,'어린잎'),(299,'논우렁'),(300,'말린'),(301,'2가지색'),(302,'감식초'),(303,'볶은소금'),(304,'땅콩잼'),(305,'연두부'),(306,'플레인요구르트'),(307,'백일송이버섯'),(308,'백김치'),(309,'요거트'),(310,'누룽지'),(311,'해초'),(312,'생선살'),(313,'식용꽃'),(314,'적양배추'),(315,'노랑파프리카'),(316,'무순'),(317,'요구르트'),(318,'다진 양파'),(319,'미니버섯'),(320,'조'),(321,'옥수수콘'),(322,'홍초'),(323,'치자'),(324,'노란파프리카'),(325,'새싹'),(326,'물 10g'),(327,'귤병'),(328,'화이트크림'),(329,'매실액'),(330,'2개'),(331,'포카치아빵'),(332,'콩비지'),(333,'날치알'),(334,'양송이버섯'),(335,'무장아찌'),(336,'루꼴라'),(337,'마요네즈'),(338,'더덕'),(339,'두릅'),(340,'대하'),(341,'크림치즈'),(342,'빵가루'),(343,'재료 쌀'),(344,'마'),(345,'산마'),(346,'완두콩'),(347,'현미'),(348,'돈나물'),(349,'수삼'),(350,'볶음밥 쌀'),(351,'새우살'),(352,'재료 콩나물'),(353,'재료 닭가슴살'),(354,'우엉'),(355,'재료 풋고추'),(356,'김치'),(357,'새우젓'),(358,'톳'),(359,'생김'),(360,'재료 칵테일새우'),(361,'재료 닭봉'),(362,'다진 쇠고기'),(363,'재료 봄동'),(364,'토마토페이스트'),(365,'낙지 다리'),(366,'파프리카가루'),(367,'마른 고추'),(368,'깻잎장아찌'),(369,'주키니호박'),(370,'멸치'),(371,'김'),(372,'재료 오징어'),(373,'다진 붉은 고추'),(374,'시래기'),(375,'다진 풋고추'),(376,'재료 멥쌀'),(377,'삶은 달걀'),(378,'다진 당근'),(379,'재료 파프리카'),(380,'머스터드소스'),(381,'참치'),(382,'김밥용 김'),(383,'재료 당근'),(384,'부순 참깨'),(385,'재료 오징어 몸통'),(386,'굵게 다진 사과'),(387,'갈은'),(388,'고추'),(389,'숙주'),(390,'데리야키소스'),(391,'통삼겹'),(392,'달걀지단'),(393,'바지락'),(394,'다진쇠고기'),(395,'배추'),(396,'찜갈비'),(397,'열무김치'),(398,'마른미역줄기'),(399,'건곤드레'),(400,'겨자'),(401,'표고'),(402,'청홍고추'),(403,'깨'),(404,'건조미역'),(405,'다진청고추'),(406,'다진파'),(407,'다진홍고추'),(408,'쇠고기구이용'),(409,'알마늘'),(410,'도토리'),(411,'올방개'),(412,'재료 바지락'),(413,'검정깨묵'),(414,'노란색파프리카'),(415,'재료 느타리버섯'),(416,'허브식초'),(417,'재료 통조림 햄'),(418,'버섯마늘소금'),(419,'불린 당면'),(420,'배즙'),(421,'조랭이떡'),(422,'재료 굴'),(423,'재료 콩'),(424,'30g'),(425,'재료 표고버섯'),(426,'재료 토란'),(427,'떡'),(428,'순두부'),(429,'오가피'),(430,'달걀노른자'),(431,'국간장'),(432,'콩가루'),(433,'쌀겨'),(434,'표고버섯 밑동'),(435,'물김치국물'),(436,'미니파프리카'),(437,'후르츠칵테일'),(438,'쇠고기등심'),(439,'먹물파스타'),(440,'탄산수'),(441,'건바질'),(442,'하늘보리'),(443,'초코과자'),(444,'초코분말'),(445,'마닐라아이스크림'),(446,'쿠바 럼'),(447,'콜라'),(448,'라임슬라이스'),(449,'식빵'),(450,'슬라이스햄'),(451,'슬라이스치즈'),(452,'바게트빵'),(453,'열라면'),(454,'스팸'),(455,'굴소스'),(456,'기름(카놀라유)'),(457,'식용류(카놀라유)'),(458,'당근, 감자(냉동채소)'),(459,'guinness'),(460,'Irish whiskey'),(461,'Bailey\'s');
/*!40000 ALTER TABLE `ingredient` ENABLE KEYS */;
UNLOCK TABLES;

--
-- Table structure for table `likearticle`
--

DROP TABLE IF EXISTS `likearticle`;
/*!40101 SET @saved_cs_client     = @@character_set_client */;
/*!50503 SET character_set_client = utf8mb4 */;
CREATE TABLE `likearticle` (
  `id` int NOT NULL AUTO_INCREMENT,
  `created_at` datetime(6) NOT NULL DEFAULT CURRENT_TIMESTAMP(6),
  `article_id` int NOT NULL,
  `user_id` int NOT NULL,
  PRIMARY KEY (`id`),
  KEY `fk_likearti_article_08af6dec` (`article_id`),
  KEY `fk_likearti_user_aa59121e` (`user_id`),
  CONSTRAINT `fk_likearti_article_08af6dec` FOREIGN KEY (`article_id`) REFERENCES `article` (`id`) ON DELETE CASCADE,
  CONSTRAINT `fk_likearti_user_aa59121e` FOREIGN KEY (`user_id`) REFERENCES `user` (`id`) ON DELETE CASCADE
) ENGINE=InnoDB AUTO_INCREMENT=4 DEFAULT CHARSET=utf8mb4 COLLATE=utf8mb4_0900_ai_ci;
/*!40101 SET character_set_client = @saved_cs_client */;

--
-- Dumping data for table `likearticle`
--

LOCK TABLES `likearticle` WRITE;
/*!40000 ALTER TABLE `likearticle` DISABLE KEYS */;
INSERT INTO `likearticle` VALUES (2,'2022-09-29 15:38:43.930774',1,1),(3,'2022-09-29 15:39:04.322229',1,7);
/*!40000 ALTER TABLE `likearticle` ENABLE KEYS */;
UNLOCK TABLES;

--
-- Table structure for table `likecooking`
--

DROP TABLE IF EXISTS `likecooking`;
/*!40101 SET @saved_cs_client     = @@character_set_client */;
/*!50503 SET character_set_client = utf8mb4 */;
CREATE TABLE `likecooking` (
  `id` int NOT NULL AUTO_INCREMENT,
  `created_at` datetime(6) NOT NULL DEFAULT CURRENT_TIMESTAMP(6),
  `cooking_id` int NOT NULL,
  `user_id` int NOT NULL,
  PRIMARY KEY (`id`),
  KEY `fk_likecook_cooking_7f16a9f4` (`cooking_id`),
  KEY `fk_likecook_user_dccdfcc0` (`user_id`),
  CONSTRAINT `fk_likecook_cooking_7f16a9f4` FOREIGN KEY (`cooking_id`) REFERENCES `cooking` (`id`) ON DELETE CASCADE,
  CONSTRAINT `fk_likecook_user_dccdfcc0` FOREIGN KEY (`user_id`) REFERENCES `user` (`id`) ON DELETE CASCADE
) ENGINE=InnoDB AUTO_INCREMENT=2 DEFAULT CHARSET=utf8mb4 COLLATE=utf8mb4_0900_ai_ci;
/*!40101 SET character_set_client = @saved_cs_client */;

--
-- Dumping data for table `likecooking`
--

LOCK TABLES `likecooking` WRITE;
/*!40000 ALTER TABLE `likecooking` DISABLE KEYS */;
INSERT INTO `likecooking` VALUES (1,'2022-09-29 15:44:57.366878',1,1);
/*!40000 ALTER TABLE `likecooking` ENABLE KEYS */;
UNLOCK TABLES;

--
-- Table structure for table `likerecipe`
--

DROP TABLE IF EXISTS `likerecipe`;
/*!40101 SET @saved_cs_client     = @@character_set_client */;
/*!50503 SET character_set_client = utf8mb4 */;
CREATE TABLE `likerecipe` (
  `id` int NOT NULL AUTO_INCREMENT,
  `created_at` datetime(6) NOT NULL DEFAULT CURRENT_TIMESTAMP(6),
  `recipe_id` int NOT NULL,
  `user_id` int NOT NULL,
  PRIMARY KEY (`id`),
  KEY `fk_likereci_recipe_e4178452` (`recipe_id`),
  KEY `fk_likereci_user_2374ccdd` (`user_id`),
  CONSTRAINT `fk_likereci_recipe_e4178452` FOREIGN KEY (`recipe_id`) REFERENCES `recipe` (`id`) ON DELETE CASCADE,
  CONSTRAINT `fk_likereci_user_2374ccdd` FOREIGN KEY (`user_id`) REFERENCES `user` (`id`) ON DELETE CASCADE
) ENGINE=InnoDB AUTO_INCREMENT=47 DEFAULT CHARSET=utf8mb4 COLLATE=utf8mb4_0900_ai_ci;
/*!40101 SET character_set_client = @saved_cs_client */;

--
-- Dumping data for table `likerecipe`
--

LOCK TABLES `likerecipe` WRITE;
/*!40000 ALTER TABLE `likerecipe` DISABLE KEYS */;
INSERT INTO `likerecipe` VALUES (10,'2022-10-04 14:34:33.705035',5,2),(11,'2022-10-05 09:15:39.909295',250,2),(13,'2022-10-05 13:45:27.062633',250,12),(15,'2022-10-05 14:01:40.305314',191,2),(18,'2022-10-05 14:08:09.341241',250,10),(22,'2022-10-05 16:13:57.653519',241,2),(27,'2022-10-06 11:48:29.348763',257,2),(30,'2022-10-06 15:40:16.727690',257,15),(33,'2022-10-06 16:53:35.367415',257,18),(34,'2022-10-06 17:05:09.034495',141,18),(36,'2022-10-06 17:25:50.810248',260,15),(37,'2022-10-06 17:35:23.008436',257,14),(38,'2022-10-06 17:40:15.743790',260,14),(40,'2022-10-06 22:17:14.231425',257,12),(41,'2022-10-06 22:19:00.666442',256,12),(42,'2022-10-06 22:37:31.920616',247,12),(43,'2022-10-07 01:06:32.260932',260,12),(44,'2022-10-07 02:57:22.545498',260,2),(45,'2022-10-07 07:50:45.938603',255,2),(46,'2022-10-07 07:50:52.751388',253,2);
/*!40000 ALTER TABLE `likerecipe` ENABLE KEYS */;
UNLOCK TABLES;

--
-- Table structure for table `notice`
--

DROP TABLE IF EXISTS `notice`;
/*!40101 SET @saved_cs_client     = @@character_set_client */;
/*!50503 SET character_set_client = utf8mb4 */;
CREATE TABLE `notice` (
  `id` int NOT NULL AUTO_INCREMENT,
  `title` varchar(50) NOT NULL,
  `content` varchar(10000) NOT NULL,
  `created_at` datetime(6) NOT NULL DEFAULT CURRENT_TIMESTAMP(6),
  `updated_at` datetime(6) NOT NULL DEFAULT CURRENT_TIMESTAMP(6) ON UPDATE CURRENT_TIMESTAMP(6),
  `category` int NOT NULL DEFAULT '0' COMMENT '글 분류, 0 = .., 1 = .., 2 = ..',
  `img_url` varchar(200) DEFAULT NULL COMMENT '썸네일 이미지',
  `views` int NOT NULL DEFAULT '0',
  `recipe_id` int DEFAULT NULL,
  `user_id` int NOT NULL COMMENT '공지 작성자',
  PRIMARY KEY (`id`),
  KEY `fk_notice_user_04538f9c` (`user_id`),
  CONSTRAINT `fk_notice_user_04538f9c` FOREIGN KEY (`user_id`) REFERENCES `user` (`id`) ON DELETE CASCADE
) ENGINE=InnoDB AUTO_INCREMENT=2 DEFAULT CHARSET=utf8mb4 COLLATE=utf8mb4_0900_ai_ci;
/*!40101 SET character_set_client = @saved_cs_client */;

--
-- Dumping data for table `notice`
--

LOCK TABLES `notice` WRITE;
/*!40000 ALTER TABLE `notice` DISABLE KEYS */;
INSERT INTO `notice` VALUES (1,'[필독] 게시판 이용규칙','게시판을 잘 이용하십쇼','2022-09-29 15:32:05.643376','2022-10-06 17:33:38.633247',0,'',10,NULL,1);
/*!40000 ALTER TABLE `notice` ENABLE KEYS */;
UNLOCK TABLES;

--
-- Table structure for table `recipe`
--

DROP TABLE IF EXISTS `recipe`;
/*!40101 SET @saved_cs_client     = @@character_set_client */;
/*!50503 SET character_set_client = utf8mb4 */;
CREATE TABLE `recipe` (
  `id` int NOT NULL AUTO_INCREMENT,
  `title` varchar(50) NOT NULL,
  `content` varchar(10000) NOT NULL,
  `created_at` datetime(6) NOT NULL DEFAULT CURRENT_TIMESTAMP(6),
  `updated_at` datetime(6) NOT NULL DEFAULT CURRENT_TIMESTAMP(6) ON UPDATE CURRENT_TIMESTAMP(6),
  `img_url` varchar(200) DEFAULT NULL COMMENT '썸네일 이미지',
  `views` int NOT NULL DEFAULT '0',
  `user_id` int NOT NULL COMMENT '레시피 작성자',
  PRIMARY KEY (`id`),
  KEY `fk_recipe_user_253db62e` (`user_id`),
  CONSTRAINT `fk_recipe_user_253db62e` FOREIGN KEY (`user_id`) REFERENCES `user` (`id`) ON DELETE CASCADE
) ENGINE=InnoDB AUTO_INCREMENT=262 DEFAULT CHARSET=utf8mb4 COLLATE=utf8mb4_0900_ai_ci;
/*!40101 SET character_set_client = @saved_cs_client */;

--
-- Dumping data for table `recipe`
--

LOCK TABLES `recipe` WRITE;
/*!40000 ALTER TABLE `recipe` DISABLE KEYS */;
INSERT INTO `recipe` VALUES (5,'관자 파스타','<p>오늘은 정통 이탈리안 관자 파스타를 해보겠습니다.</p>```https://ssafyb303.s3.ap-northeast-2.amazonaws.com/2f0f4a07-2d04-46ee-ae42-172b52bacd71.jpg```<p>관자는 키친타월로 물기를 제거한 후 화이트와인, 소금으로 마리네이드 해주세요. 마늘은 편으로 썰어주시고 파슬리는 잘게 다져주세요.</p>```<p>달군 팬에 올리브오일을 두른 후 관자 양면을 노릇하게 익혀주세요. 버터를 넣고 관자에 끼얹어주세요. 구워진 관자는 접시에 덜어주세요.</p>```<p>끓는 물에 소금과 면을 넣고 요리조리 요리조리 저어주며 8분정도 삶은 후 채반에 밭쳐주세요. 면수는 1컵정도 덜어주세요.</p>```<p>팬에 올리브오일을 두르고 편 썬 마늘을 넣어 볶다가 페페론치노를 넣고 볶아주세요.</p>```<p>면을 넣고 면수를 조금씩 부어 볶아주세요. 관자에서 나온 육수와 버터를 넣고 후춧가루를 뿌려 주세요.</p>```<p>접시에 파스타를 담고 구운 관자를 올린 후 레몬즙과 레몬 제스트, 파슬리를 뿌려 맛있게 즐겨주세요.</p>','2022-10-04 11:06:59.030179','2022-10-06 23:01:56.064021','https://ssafyb303.s3.ap-northeast-2.amazonaws.com/2f0f4a07-2d04-46ee-ae42-172b52bacd71.jpg',42,2),(6,'빅맥 with 빅맥송','https://ssafyb303.s3.ap-northeast-2.amazonaws.com/fdcc20b2-493f-40c5-b6aa-bcc5423ca399.png```<p>참깨 빵  위에 </p>```<p>순 쇠고기 패티 2장</p>```<p>특별한 소스 양상추</p>```<p>치즈 피클 양파까지~</p>```<p>잠깐! 여기에 베이컨까지 더한다면?</p>```<p>오직 하나뿐인 맛 빅맥!</p>```<p>빠 빠 빠 라 빠</p>','2022-10-04 11:47:19.874211','2022-10-06 16:59:56.430941','https://ssafyb303.s3.ap-northeast-2.amazonaws.com/fdcc20b2-493f-40c5-b6aa-bcc5423ca399.png',146,2),(103,'우렁된장소스 배추롤','http://www.foodsafetykorea.go.kr/uploadimg/cook/20_00636_1.png```<p>1. 끓는 물에 배춧잎을 데친다.</p>```http://www.foodsafetykorea.go.kr/uploadimg/cook/20_00636_2.png```<p>2. 당근, 호박, 표고버섯, 양파는\n입자있게 다진다.</p>```http://www.foodsafetykorea.go.kr/uploadimg/cook/20_00636_3.png```<p>3. 돼지고기를 썰어 불린 쌀, 다진 야채와\n함께 밥을 짓는다.</p>```http://www.foodsafetykorea.go.kr/uploadimg/cook/20_00636_4.png```<p>4. 데친 배춧잎에 지어놓은 밥을 올려\n돌돌만다.</p>```http://www.foodsafetykorea.go.kr/uploadimg/cook/20_00636_5.png```<p>5. 말아 놓은 배춧잎을 부추로 묶는다.</p>```http://www.foodsafetykorea.go.kr/uploadimg/cook/20_00636_6.png```<p>6. 찜통에 김이 오르면 ?번을 넣고 약 5분\n정도 찐다.</p>','2022-10-05 02:06:33.879081','2022-10-05 13:48:38.893662','http://www.foodsafetykorea.go.kr/uploadimg/cook/10_00636_1.png',1,13),(104,'맛간장삼치구이','http://www.foodsafetykorea.go.kr/uploadimg/cook/20_00393_01.png```<p>1. 소스 재료를 이용해 맛 간장으로 만든 데리\n야끼소스를 만들어준다.</p>```http://www.foodsafetykorea.go.kr/uploadimg/cook/20_00393_02.png```<p>2. 참치는 손질해 수분을 빼준 후 흰 후추로\n밑간을 해준다.</p>```http://www.foodsafetykorea.go.kr/uploadimg/cook/20_00393_03.png```<p>3. 생강은 아주 곱게 채 썰어 냉수에 헹군다.</p>```http://www.foodsafetykorea.go.kr/uploadimg/cook/20_00393_04.png```<p>4. 대파도 아주 가늘게 채 썰어서 냉수에 담가\n매운맛을 빼준다.</p>```http://www.foodsafetykorea.go.kr/uploadimg/cook/20_00393_05.png```<p>5. 버터를 올린 팬에 삼치를 약불에서 구워준다.</p>```http://www.foodsafetykorea.go.kr/uploadimg/cook/20_00393_06.png```<p>6. 구워진 참치를 소스에 졸여주고 대파채를\n올린다. 삼치에 소스를 뿌리고 생강채를 올려\n완성한다.</p>','2022-10-05 02:06:33.879198','2022-10-05 02:12:15.293217','http://www.foodsafetykorea.go.kr/uploadimg/cook/10_00393_1.png',2,13),(105,'토마토소고기찜','http://www.foodsafetykorea.go.kr/uploadimg/cook/20_00392_01.png```<p>1. 당근, 양파, 샐러리는 사방 2cm 정도로\n잘라준다.</p>```http://www.foodsafetykorea.go.kr/uploadimg/cook/20_00392_02.png```<p>2. 레몬은 껍질을 아주 곱게 채 썰어준다.</p>```http://www.foodsafetykorea.go.kr/uploadimg/cook/20_00392_03.png```<p>3. 소고기는 사방 3cm 정도로 자르고 흰 후추를\n뿌려준다.</p>```http://www.foodsafetykorea.go.kr/uploadimg/cook/20_00392_04.png```<p>4. 홀토마토는 먹기 좋게 부수어 준 후 볶아준다.</p>```http://www.foodsafetykorea.go.kr/uploadimg/cook/20_00392_05.png```<p>5. 팬에 버터를 넣고 소고기부터 볶기 시작하다\n채소를 넣고 볶아준다. 이 때 두꺼운 채소부터\n볶아주는 것이 고기랑 익는 시간이 같아진다.</p>```http://www.foodsafetykorea.go.kr/uploadimg/cook/20_00392_06.png```<p>6. 마지막에 다져 놓은 홀토마토를 넣고 함초소금\n으로 간을 한 후 레몬껍질을 올려서 마무리\n한다.</p>','2022-10-05 02:06:33.880306','2022-10-05 02:06:33.880336','http://www.foodsafetykorea.go.kr/uploadimg/cook/10_00392_1.png',0,13),(106,'토마토소고기장조림','http://www.foodsafetykorea.go.kr/uploadimg/cook/20_00391_01.png```<p>1. 소고기는 사방 2cm 정도의 크기로 잘라서\n물에서 80% 정도까지 익혀준 후 냉수에\n깨끗하게 세척해 준다.</p>```http://www.foodsafetykorea.go.kr/uploadimg/cook/20_00391_02.png```<p>2. 양파는 먹기 좋게 자르고 물 400g과 함께\n간장 물을 만들어준다.</p>```http://www.foodsafetykorea.go.kr/uploadimg/cook/20_00391_03.png```<p>3. 간장 물에 데쳐 놓은 소고기부터 졸여주기\n시작한다.</p>```http://www.foodsafetykorea.go.kr/uploadimg/cook/20_00391_04.png```<p>4. 메추리알을 넣고 함께 졸여준다.</p>```http://www.foodsafetykorea.go.kr/uploadimg/cook/20_00391_05.png```<p>5. 방울토마토, 양파, 마늘, 꽈리고추까지 넣고\n마지막으로 졸여준다.</p>','2022-10-05 02:06:33.880290','2022-10-05 02:06:33.880314','http://www.foodsafetykorea.go.kr/uploadimg/cook/10_00391_1.png',0,13),(107,'삼겹살꼬치구이','http://www.foodsafetykorea.go.kr/uploadimg/cook/20_00394_01.png```<p>1. 삼겹살은 길이로 잘라서 마늘기름, 통후추,\n로즈마리에 마리네이드 해준다.</p>```http://www.foodsafetykorea.go.kr/uploadimg/cook/20_00394_02.png```<p>2. 대파는 흰 부분만 잘라 구워주고, 꽈리고추도\n함께 구워준다.</p>```http://www.foodsafetykorea.go.kr/uploadimg/cook/20_00394_03.png```<p>3. 대파는 가늘게 채 썰어 물에 담가준다.</p>```http://www.foodsafetykorea.go.kr/uploadimg/cook/20_00394_04.png```<p>4. 물에 담가진 대파를 물기를 빼고 양념해준다.</p>```http://www.foodsafetykorea.go.kr/uploadimg/cook/20_00394_05.png```<p>5. 삼겹살을 꼬치에 끼워 굽고 구워진 채소,\n대파채와 함께 완성한다.</p>','2022-10-05 02:06:33.882186','2022-10-05 02:06:33.882211','http://www.foodsafetykorea.go.kr/uploadimg/cook/10_00394_1.png',0,13),(108,'새우아욱죽','http://www.foodsafetykorea.go.kr/uploadimg/cook/20_00395_01.png```<p>1. 저염 된장을 물 300cc에 풀어준 뒤 건새우를\n담가 30분 정도 담가준 뒤 살짝 끓여준다.</p>```http://www.foodsafetykorea.go.kr/uploadimg/cook/20_00395_02.png```<p>2. 새우를 풀어준 된장 물을 체에 걸러준다.</p>```http://www.foodsafetykorea.go.kr/uploadimg/cook/20_00395_03.png```<p>3. 아욱은 뜨거운 물에 데쳐서 먹기 좋게 썬다.</p>```http://www.foodsafetykorea.go.kr/uploadimg/cook/20_00395_04.png```<p>4. 냄비에 밥과 된장 물을 풀어 끓인다.</p>```http://www.foodsafetykorea.go.kr/uploadimg/cook/20_00395_05.png```<p>5. 어느 정도 끓으면 칵테일새우와 건져 놓았던\n새우를 다시 넣어준다.</p>```http://www.foodsafetykorea.go.kr/uploadimg/cook/20_00395_06.png```<p>6. 불을 끄기 전에 아욱을 넣어 한 번 더 끓여준\n후 완성한다.</p>','2022-10-05 02:06:33.883568','2022-10-05 02:06:33.883592','http://www.foodsafetykorea.go.kr/uploadimg/cook/10_00395_1.png',0,13),(109,'까르보나라뇨끼','http://www.foodsafetykorea.go.kr/uploadimg/cook/20_00396_01.png```<p>1. 감자를 슬라이스 하여 찜통에 찐 후 체에\n으깬다. 깻잎을 잘게 채 썰어서 냉수에 담가\n향을 빼준다.</p>```http://www.foodsafetykorea.go.kr/uploadimg/cook/20_00396_02.png```<p>2. 베이컨을 한 번 데쳐내 송송 썰어준 후 다진\n마늘과 볶아준다.</p>```http://www.foodsafetykorea.go.kr/uploadimg/cook/20_00396_03.png```<p>3. 으깬 감자와 깻잎을 다져서 반죽을 만들고\n엄지손가락 크기로 떼어 밀가루를 뿌리고,\n둥글게 빚은 후 포크로 자국을 내 뇨끼를 만든다.</p>```http://www.foodsafetykorea.go.kr/uploadimg/cook/20_00396_04.png```<p>4. 만들어진 뇨끼를 삶아 건져준다.</p>```http://www.foodsafetykorea.go.kr/uploadimg/cook/20_00396_05.png```<p>5. 팬에 버터를 넣고 다진양파, 다진마늘, 다진\n대파, 볶은 베이컨, 새송이, 흰후추를 볶다가\n우유와 생크림, 설탕을 넣고 끓여준다.</p>```http://www.foodsafetykorea.go.kr/uploadimg/cook/20_00396_06.png```<p>6. 뇨끼를 넣어 한 번 더 끓여준 뒤 완성한다.</p>','2022-10-05 02:06:34.101033','2022-10-05 14:03:28.497744','http://www.foodsafetykorea.go.kr/uploadimg/cook/10_00396_1.png',2,13),(110,'호박죽','http://www.foodsafetykorea.go.kr/uploadimg/cook/20_00397_01.png```<p>1. 단호박은 껍질을 까고 작게 잘라주고, 양파도\n작게 잘라준다.</p>```http://www.foodsafetykorea.go.kr/uploadimg/cook/20_00397_02.png```<p>2. 브로콜리는 뜨거운 물에 데쳐내 준 후 송송\n잘라준다.</p>```http://www.foodsafetykorea.go.kr/uploadimg/cook/20_00397_03.png```<p>3. 찹쌀가루는 물 100g에 풀어준다.</p>```http://www.foodsafetykorea.go.kr/uploadimg/cook/20_00397_04.png```<p>4. 단호박과 양파는 물 300g에 삶아준다.</p>```http://www.foodsafetykorea.go.kr/uploadimg/cook/20_00397_05.png```<p>5. 단호박과 양파가 익으면 믹서에 갈아서 다시\n끓여준 뒤 찹쌀가루물을 넣어 끓여준다.</p>```http://www.foodsafetykorea.go.kr/uploadimg/cook/20_00397_06.png```<p>6. 호박죽이 끓어오르면 치즈가루를 넣어준 후\n볶은 현미랑 완성한다.</p>','2022-10-05 02:06:34.175867','2022-10-05 02:06:34.175896','http://www.foodsafetykorea.go.kr/uploadimg/cook/10_00397_1.png',0,13),(111,'라이스버거떡갈비','http://www.foodsafetykorea.go.kr/uploadimg/cook/20_00398_01.png```<p>1. 팽이버섯을 송송 다진 후 라이스버거 재료로\n라이스버거를 만들어준다.</p>```http://www.foodsafetykorea.go.kr/uploadimg/cook/20_00398_02.png```<p>2. 만들어준 버거는 팬에 구워준다.</p>```http://www.foodsafetykorea.go.kr/uploadimg/cook/20_00398_03.png```<p>3. 토마토와 미나리를 먹기 좋게 잘라서 겉절이를\n만들어준다.</p>```http://www.foodsafetykorea.go.kr/uploadimg/cook/20_00398_04.png```<p>4. 떡갈비 재료로 떡 갈비를 만들어준다.</p>```http://www.foodsafetykorea.go.kr/uploadimg/cook/20_00398_05.png```<p>5. 만들어진 떡갈비를 구워준다.</p>```http://www.foodsafetykorea.go.kr/uploadimg/cook/20_00398_06.png```<p>6. 접시에 토마토 겉절이를 담고 라이스버거와\n떡갈비를 올려 완성한다.</p>','2022-10-05 02:06:34.204927','2022-10-05 02:06:34.204955','http://www.foodsafetykorea.go.kr/uploadimg/cook/10_00398_1.png',0,13),(112,'고추김치','http://www.foodsafetykorea.go.kr/uploadimg/cook/20_00399_01.png```<p>1. 오이고추는 배를 갈라 씨를 제거하고 세척 후\n절임물에 절여준다.</p>```http://www.foodsafetykorea.go.kr/uploadimg/cook/20_00399_02.png```<p>2. 부추, 연근은 송송 다져주고 무는 채 썰어준다.</p>```http://www.foodsafetykorea.go.kr/uploadimg/cook/20_00399_03.png```<p>3. 준비된 소를 절임물에 살짝 절여준다.</p>```http://www.foodsafetykorea.go.kr/uploadimg/cook/20_00399_04.png```<p>4. 고춧가루를 섞어 소를 만들어준다.</p>```http://www.foodsafetykorea.go.kr/uploadimg/cook/20_00399_05.png```<p>5. 만들어진 소를 고추소를 채워준다.</p>```http://www.foodsafetykorea.go.kr/uploadimg/cook/20_00399_06.png```<p>6. 그릇에 담아 국물을 부어주고 완성한다.</p>','2022-10-05 02:06:34.240759','2022-10-05 02:06:34.240813','http://www.foodsafetykorea.go.kr/uploadimg/cook/10_00399_1.png',0,13),(113,'누룽닭','http://www.foodsafetykorea.go.kr/uploadimg/cook/20_00500_1.png```<p>1. 닭은 포를 떠서 생강즙과 정종을 섞어\n발라 놓는다.</p>```http://www.foodsafetykorea.go.kr/uploadimg/cook/20_00500_2.png```<p>2. 시금치는 살짝 데쳐 썰고, 당근, 양파,\n샐러리, 파프리카는 약 6Cm 길이로\n채를 썰어 절반은 닭고기말이에 사용\n하고, 절반은 곁들임채소로 사용한다.</p>```http://www.foodsafetykorea.go.kr/uploadimg/cook/20_00500_3.png```<p>3. 느타리는 끓는 물에 소금을 넣고 데쳐\n손으로 찢어놓고, 포를 뜬 닭가슴살에\n느타리와 썰어 놓은 채소를 넣어 말아\n주고, 육수를 끓여서 말아놓은 닭을\n넣고 익혀낸다.</p>```http://www.foodsafetykorea.go.kr/uploadimg/cook/20_00500_4.png```<p>4. 주꾸미와 새우는 끓는 물에 살짝 데치고,\n청경채는 반으로 썰어 살짝 데쳐 준비\n한다.</p>```http://www.foodsafetykorea.go.kr/uploadimg/cook/20_00500_5.png```<p>5. 튀김기름 온도가 180℃ 정도 되면\n누룽지를 넣고 튀겨 기름을 밭쳐 놓는다.</p>```http://www.foodsafetykorea.go.kr/uploadimg/cook/20_00500_6.png```<p>6. 닭을 넣은 육수(③)에 간장과 녹말,\n마늘, 소금, 후춧가루를 넣고 끓이다가,\n곁들임채소로 남겨 놓은 채소(②)와\n데쳐 놓은 해물 및 청경채를 넣고 한 번 더\n끓인 뒤 튀겨진 누룽지를 넣어 완성한다.</p>','2022-10-05 02:06:34.282635','2022-10-05 02:06:34.282661','http://www.foodsafetykorea.go.kr/uploadimg/cook/10_00500_1.png',0,13),(114,'광어스테이크','http://www.foodsafetykorea.go.kr/uploadimg/cook/20_00501_1.png```<p>1. 광어는 포를 길게 떠서 소금과\n후춧가루에 밑간을 해 놓는다.</p>```http://www.foodsafetykorea.go.kr/uploadimg/cook/20_00501_2.png```<p>2. 아몬드와 호두는 입자있게 다져\n준비한다.</p>```http://www.foodsafetykorea.go.kr/uploadimg/cook/20_00501_3.png```<p>3. 밑간이 되어 있는 광어포에 밀가루와\n달걀물을 입힌다.</p>```http://www.foodsafetykorea.go.kr/uploadimg/cook/20_00501_4.png```<p>4. 달걀물을 입힌 광어살에 다시 다져\n놓은 견과류를 입혀 준다.</p>```http://www.foodsafetykorea.go.kr/uploadimg/cook/20_00501_5.png```<p>5. 팬에 올리브 오일을 넣고, 팬이 따끈해\n지면 광어 살을 조심스럽게 앞뒤로\n익혀 접시에 담는다.</p>```http://www.foodsafetykorea.go.kr/uploadimg/cook/20_00501_6.png```<p>6. 플레인요거트에 꿀과 레몬즙을 넣고\n골고루 섞어 광어스테이크소스를\n만들어 완성한다.</p>','2022-10-05 02:06:34.298125','2022-10-05 02:10:04.174687','http://www.foodsafetykorea.go.kr/uploadimg/cook/10_00501_1.png',1,13),(115,'치즈감자크로켓','http://www.foodsafetykorea.go.kr/uploadimg/cook/20_00502_1.png```<p>1. 감자는 껍질을 벗겨 삶는다.</p>```http://www.foodsafetykorea.go.kr/uploadimg/cook/20_00502_2.png```<p>2. 오이와 당근은 어슷썰기를 하고 양파는\n채를 썰어놓는다.</p>```http://www.foodsafetykorea.go.kr/uploadimg/cook/20_00502_3.png```<p>3. 썰어 놓은 채소에 소금과 물을 넣고\n살짝 절여, 물기를 짜놓는다.</p>```http://www.foodsafetykorea.go.kr/uploadimg/cook/20_00502_4.png```<p>4. 삶아 놓은 감자를 채에 내리고\n생크림을 넣어 섞는다.</p>```http://www.foodsafetykorea.go.kr/uploadimg/cook/20_00502_5.png```<p>5. 생크림을 넣은 감자에 절여 놓은 채소와\n모짜렐라치즈를 넣고 골고루 섞는다.</p>```http://www.foodsafetykorea.go.kr/uploadimg/cook/20_00502_6.png```<p>6. 섞여진 감자를 크로켓 모양을 만들어\n밀가루, 달걀물, 빵가루를 묻혀 튀김기름\n170~180℃ 온도에서 바삭하게 튀겨\n냅킨에 올려 기름을 제거하고, 접시에\n담아 완성한다.</p>','2022-10-05 02:06:34.509875','2022-10-05 02:06:34.509905','http://www.foodsafetykorea.go.kr/uploadimg/cook/10_00502_1.png',0,13),(116,'코코넛밀크카레','http://www.foodsafetykorea.go.kr/uploadimg/cook/20_00503_1.png```<p>1. 두부는 소창에 넣고, 짜서 물기를\n제거하고, 으깨어 놓는다.</p>```http://www.foodsafetykorea.go.kr/uploadimg/cook/20_00503_2.png```<p>2. 으깬 두부에 소금과 코코넛 밀크를\n넣고 골고루 섞는다.</p>```http://www.foodsafetykorea.go.kr/uploadimg/cook/20_00503_3.png```<p>3. 섞여진 두부를 김이 오른 찜통에 넣고\n약 5분 정도 찐다.</p>```http://www.foodsafetykorea.go.kr/uploadimg/cook/20_00503_4.png```<p>4. 당근과 양파는 사각지게 썰고,\n브로컬리는 데쳐 당근 크기로 썰어\n놓는다.</p>```http://www.foodsafetykorea.go.kr/uploadimg/cook/20_00503_5.png```<p>5. 돼지고기와 감자는 당근 크기로 썰어\n주고, 냄비에 버터를 녹여 돼지고기를\n먼저 볶다가 양파와 당근, 감자,\n브로컬리를 넣고 다시 볶아 준 뒤,\n쪄놓은 두부를 넣어 한 번 더 볶아준다.</p>```http://www.foodsafetykorea.go.kr/uploadimg/cook/20_00503_6.png```<p>6. 볶아지는 냄비(⑤)에 카레 가루를 넣고\n살짝 더 볶아준 뒤, 물을 넣고 자작하게\n끓여 완성한다.</p>','2022-10-05 02:06:34.538372','2022-10-05 02:06:34.538398','http://www.foodsafetykorea.go.kr/uploadimg/cook/10_00503_1.png',0,13),(117,'소고기리조또롤','http://www.foodsafetykorea.go.kr/uploadimg/cook/20_00504_1.png```<p>1. 쌀은 불려 놓고, 마늘은 작게 다지고,\n양파는 새송이와 파프리카와 함께\n입자를 크게 다져 준비한다.</p>```http://www.foodsafetykorea.go.kr/uploadimg/cook/20_00504_2.png```<p>2. 소고기는 포를 넓게 떠서 소금과\n후춧가루를 뿌려 밑간을 해 놓는다.</p>```http://www.foodsafetykorea.go.kr/uploadimg/cook/20_00504_3.png```<p>3. 냄비에 버터를 넣고, 마늘과 양파를\n먼저 볶다가, 새송이와 파프리카를\n넣는다.</p>```http://www.foodsafetykorea.go.kr/uploadimg/cook/20_00504_4.png```<p>4. ③번에 다시 불린 쌀과 강화를 넣고,\n볶다가 불을 줄여, 쌀이 익을 때까지\n익혀 준다.</p>```http://www.foodsafetykorea.go.kr/uploadimg/cook/20_00504_5.png```<p>5. 쌀이 익으면, 밑간이 되어 있는\n소고기에 넣고 돌돌 말아 준비한다.</p>```http://www.foodsafetykorea.go.kr/uploadimg/cook/20_00504_6.png```<p>6. 하얀 된장에 생크림을 넣어 골고루 섞고,\n냄비에 육수를 넣고 생크림을 섞은 하얀\n된장을 넣어 끓으면, 말아놓은 소고기를\n넣고 은근히 졸여 완성한다.</p>','2022-10-05 02:06:34.567187','2022-10-06 15:23:13.188102','http://www.foodsafetykorea.go.kr/uploadimg/cook/10_00504_1.png',1,13),(118,'둥지튀김','http://www.foodsafetykorea.go.kr/uploadimg/cook/20_00505_1.png```<p>1. 닭고기살은 작게 썰어 소금과 후춧\n가루를 살짝 뿌려 밑간을 하고 달걀을\n넣어 섞는다.</p>```http://www.foodsafetykorea.go.kr/uploadimg/cook/20_00505_2.png```<p>2. 달걀을 넣어 섞은 닭고기 살에 녹말\n가루를 넣어 골고루 묻힌다.</p>```http://www.foodsafetykorea.go.kr/uploadimg/cook/20_00505_3.png```<p>3. 국수는 각각 끓는 물에 살짝 데쳐 물기를\n빼놓는다.</p>```http://www.foodsafetykorea.go.kr/uploadimg/cook/20_00505_4.png```<p>4. 물기가 빠진 국수는 튀김기름 170℃\n온도에서 각각 작은 채에 그대로 살짝\n튀겨 둥지를 만든 후 기름을 냅킨에\n빼 놓는다.</p>```http://www.foodsafetykorea.go.kr/uploadimg/cook/20_00505_5.png```<p>5. 녹말가루를 묻힌 닭고기살도 튀김\n기름에 튀겨 기름을 빼 놓은 둥지국수\n위에 올린다.</p>```http://www.foodsafetykorea.go.kr/uploadimg/cook/20_00505_6.png```<p>6. 냄비에 레몬과 설탕을 넣고 물을 넣어\n끓이다가 레몬은 건져 내고, 마늘과\n생강, 연유, 식초, 녹말을 풀어 넣고\n살짝 한 번 더 끓여 녹말소스를 만들어,\n튀겨진 닭고기 위에 올려 완성한다.</p>','2022-10-05 02:06:34.656060','2022-10-05 02:06:34.656082','http://www.foodsafetykorea.go.kr/uploadimg/cook/10_00505_1.png',0,13),(119,'새우와스테이크','http://www.foodsafetykorea.go.kr/uploadimg/cook/20_00506_1.png```<p>1. 새우는 꼬리를 자르고 내장을 제거\n한다.</p>```http://www.foodsafetykorea.go.kr/uploadimg/cook/20_00506_2.png```<p>2. 스테이크 소고기는 소금과 로즈마리를\n뿌리고 후춧가루를 살짝 뿌려 놓는다.</p>```http://www.foodsafetykorea.go.kr/uploadimg/cook/20_00506_3.png```<p>3. 아스파라거스는 팬에 기름 없이\n굽는다.</p>```http://www.foodsafetykorea.go.kr/uploadimg/cook/20_00506_4.png```<p>4. 새송이와 가지는 길게 썰어 브로컬리와\n함께 기름 없이 팬에 살짝 구워 놓는다.</p>```http://www.foodsafetykorea.go.kr/uploadimg/cook/20_00506_5.png```<p>5. 팬에 버터를 살짝 넣고 새우를 굽고,\n스테이크를 구워 접시에 담는다.</p>```http://www.foodsafetykorea.go.kr/uploadimg/cook/20_00506_6.png```<p>6. 팬에 와인과 설탕을 넣고 끓이다가,\n당근, 양파와 토마토 마늘, 대파를 다져\n넣고 볶듯이 끓이다가 발사믹소스를\n넣고 한 번 더 졸인 소스를 스테이크\n위에 얹고, 브로컬리와 새송이, 가지,\n아스파라거스를 함께 놓아 완성한다.</p>','2022-10-05 02:06:34.797067','2022-10-05 02:12:01.863663','http://www.foodsafetykorea.go.kr/uploadimg/cook/10_00506_1.png',4,13),(120,'인삼떡갈비','http://www.foodsafetykorea.go.kr/uploadimg/cook/20_00637_1.png```<p>1. 대추는 돌려 깍아 씨를 제거 하고 곱게\n다진다.</p>```http://www.foodsafetykorea.go.kr/uploadimg/cook/20_00637_2.png```<p>2. 다진 소고기와 돼지고기에 대추와 소금\n후춧가루를 넣고 치댄다.</p>```http://www.foodsafetykorea.go.kr/uploadimg/cook/20_00637_3.png```<p>3. 애호박과 단호박, 파프리카는\n입자있게 썰어 ?에 넣고 잘 치댄다.</p>```http://www.foodsafetykorea.go.kr/uploadimg/cook/20_00637_4.png```<p>4. 양송이는 편으로 썰어 팬에 익히고,\n인삼을 뇌두를 자르고 깨끗이 씻어\n팬에 볶아 잘게 썰어 ?에 넣는다.</p>```http://www.foodsafetykorea.go.kr/uploadimg/cook/20_00637_5.png```<p>5. 재료가 골고루 섞인 떡갈비를 갈비\n모양으로 만든다.</p>```http://www.foodsafetykorea.go.kr/uploadimg/cook/20_00637_6.png```<p>6. 떡갈비를 팬에 굽고, 접시에 배춧잎을\n깔고 익힌 양송이를 올리고 떡갈비를\n담는다.</p>','2022-10-05 02:06:34.872644','2022-10-05 02:06:34.872673','http://www.foodsafetykorea.go.kr/uploadimg/cook/10_00637_1.png',0,13),(121,'함초삼겹','http://www.foodsafetykorea.go.kr/uploadimg/cook/20_00507_1.png```<p>1. 통 삼겹살에 함초와 소금, 후춧가루를\n뿌려 숙성을 시킨다.</p>```http://www.foodsafetykorea.go.kr/uploadimg/cook/20_00507_2.png```<p>2. 부추는 약 6cm 길이로 썰고, 양파는\n채를 썰어 놓고, 당근은 납작하게\n편으로 썰어 준비한다.</p>```http://www.foodsafetykorea.go.kr/uploadimg/cook/20_00507_3.png```<p>3. 연두부는 잘게 다져 놓는다.</p>```http://www.foodsafetykorea.go.kr/uploadimg/cook/20_00507_4.png```<p>4. 유자청에 쌈장과 설탕, 생크림을 넣어\n골고루 섞는다.</p>```http://www.foodsafetykorea.go.kr/uploadimg/cook/20_00507_5.png```<p>5. 골고루 섞은 유자청에 다져 놓은\n연두부를 넣어 섞어 냄비에 넣고, 썰어\n놓은 양파와 당근을 넣어 은근히 끓여\n소스를 만들어 놓는다.</p>```http://www.foodsafetykorea.go.kr/uploadimg/cook/20_00507_6.png```<p>6. 숙성시킨 통삼겹은 버터를 녹인 팬에\n살짝 구워 다시 오븐에서 20분 정도\n익힌 후 먹기 좋게 썰은 뒤, 접시에\n부추를 깔고 그 위에 구워진 삼겹을\n올리고 소스를 얹어 완성한다.</p>','2022-10-05 02:06:34.878502','2022-10-05 02:06:34.878530','http://www.foodsafetykorea.go.kr/uploadimg/cook/10_00507_1.png',0,13),(122,'새우 두부 계란찜','http://www.foodsafetykorea.go.kr/uploadimg/cook/20_00028_1.png```<p>1. 손질된 새우를 끓는 물에 데쳐 건진다.a</p>```http://www.foodsafetykorea.go.kr/uploadimg/cook/20_00028_2.png```<p>2. 연두부, 달걀, 생크림, 설탕에 녹인 무염버터를 믹서에 넣고 간 뒤 새우(1)를 함께 섞어 그릇에 담는다.b</p>```http://www.foodsafetykorea.go.kr/uploadimg/cook/20_00028_3.png```<p>3. 시금치를 잘게 다져 혼합물 그릇(2)에 뿌리고 찜기에 넣고 중간 불에서 10분 정도 찐다.c</p>','2022-10-05 02:06:34.879398','2022-10-05 02:06:34.879427','http://www.foodsafetykorea.go.kr/uploadimg/cook/10_00028_1.png',0,13),(123,'유자삼치구이','http://www.foodsafetykorea.go.kr/uploadimg/cook/20_00509_1.png```<p>1. 삼치는 반으로 잘라지지 않게 편으로\n떠서 소금을 살짝 뿌려 잠시 말려\n놓는다.</p>```http://www.foodsafetykorea.go.kr/uploadimg/cook/20_00509_2.png```<p>2. 손질을 한 삼치에 녹말가루를 입혀\n팬에 기름을 두르고 구워 접시에 담아\n놓는다.</p>```http://www.foodsafetykorea.go.kr/uploadimg/cook/20_00509_3.png```<p>3. 생강은 잘게 썰어, 물에 섞은 후\n거름종이에 걸러 생강즙을 만든다.</p>```http://www.foodsafetykorea.go.kr/uploadimg/cook/20_00509_4.png```<p>4. 유자청에 만들어 놓은 생강즙을 넣고\n섞는다.</p>```http://www.foodsafetykorea.go.kr/uploadimg/cook/20_00509_5.png```<p>5. 냄비에 레몬을 넣고, 물을 넣고 은근히\n끓인다.</p>```http://www.foodsafetykorea.go.kr/uploadimg/cook/20_00509_6.png```<p>6. 레몬을 끓인 물에 ④번을 넣고 졸여\n소스를 만든 후 접시에 담아 놓은 삼치\n위에 소스로 올려 완성한다.</p>','2022-10-05 02:06:34.920416','2022-10-05 02:06:34.920443','http://www.foodsafetykorea.go.kr/uploadimg/cook/10_00509_1.png',0,13),(124,'냉토마토파스타','http://www.foodsafetykorea.go.kr/uploadimg/cook/20_00510_1.png```<p>1. 마늘은 곱게 다지고 양파, 당근,\n방울토마토는 입자있게 다진다.</p>```http://www.foodsafetykorea.go.kr/uploadimg/cook/20_00510_2.png```<p>2. 토마토는 씨와 껍질을 제거하고 채를\n썰어놓는다.</p>```http://www.foodsafetykorea.go.kr/uploadimg/cook/20_00510_3.png```<p>3. 브로컬리를 끓는 물에 데쳐 찬물에\n헹구어 작게 썰어 준비한다.</p>```http://www.foodsafetykorea.go.kr/uploadimg/cook/20_00510_4.png```<p>4. 펜네는 끓는 물에 약 10분 정도\n삶아 건진다.</p>```http://www.foodsafetykorea.go.kr/uploadimg/cook/20_00510_5.png```<p>5. 건져진 펜네는 올리브오일을 넣어\n무친 후 그릇에 담아놓는다.</p>```http://www.foodsafetykorea.go.kr/uploadimg/cook/20_00510_6.png```<p>6. 냄비에 오일을 넣고 마늘과 양파를\n볶다가 당근과 방울토마토를 넣어\n볶으면서 육수를 붓고 설탕과 소금,\n레몬즙, 월계수잎을 넣고 끓인 뒤\n월계수잎을 건져내고, 차갑게 식힌 후\n그릇에 담겨 있는 펜네에 토마토채(②)와\n브로컬리(③)를 함께 넣어 담아 완성\n한다.</p>','2022-10-05 02:06:35.083113','2022-10-05 02:06:35.083144','http://www.foodsafetykorea.go.kr/uploadimg/cook/10_00510_1.png',0,13),(125,'닭고기또띠아','http://www.foodsafetykorea.go.kr/uploadimg/cook/20_00511_1.png```<p>1. 닭고기살은 끓는 물에 데쳐 손으로\n찢고, 느타리버섯도 데쳐 손으로 찢어\n준비한다.</p>```http://www.foodsafetykorea.go.kr/uploadimg/cook/20_00511_2.png```<p>2. 사과는 씨를 제거하고 약 6cm 길이로\n채를 썰고, 오이와 파프리카도 같은\n길이로 채를 썰어 놓는다.</p>```http://www.foodsafetykorea.go.kr/uploadimg/cook/20_00511_3.png```<p>3. 애호박은 반달로 썰어 식초에 살짝\n절여서 볶고, 양파는 채를 썰어 물에\n잠시 담가 놓는다.</p>```http://www.foodsafetykorea.go.kr/uploadimg/cook/20_00511_4.png```<p>4. 아몬드는 우유를 넣어 갈아 준비한다.</p>```http://www.foodsafetykorea.go.kr/uploadimg/cook/20_00511_5.png```<p>5. 머스터드에 올리고당을 넣어 잘 섞어\n준다.</p>```http://www.foodsafetykorea.go.kr/uploadimg/cook/20_00511_6.png```<p>6. 또띠아를 팬에 기름 없이 굽고, 그 안에\n닭고기 살과 느타리버섯, 오이, 사과,\n파프리카와 호박을 넣어 속이 보이도록\n말아놓고, ④번과 ⑤번은 섞어서 소스를\n만들어 완성한다.</p>','2022-10-05 02:06:35.108867','2022-10-05 02:06:35.108892','http://www.foodsafetykorea.go.kr/uploadimg/cook/10_00511_1.png',0,13),(126,'닭고기스테이크','http://www.foodsafetykorea.go.kr/uploadimg/cook/20_00512_1.png```<p>1. 닭고기살은 소금과 후춧가루, 생강즙과\n정종을 뿌린 후 우유를 살짝 발라 숙성을\n시킨다.</p>```http://www.foodsafetykorea.go.kr/uploadimg/cook/20_00512_2.png```<p>2. 오이는 길게 껍질째 썰어 놓는다.</p>```http://www.foodsafetykorea.go.kr/uploadimg/cook/20_00512_3.png```<p>3. 토마토는 반으로 잘라 편으로 썰어\n준비한다.</p>```http://www.foodsafetykorea.go.kr/uploadimg/cook/20_00512_4.png```<p>4. 두부는 소창으로 물기를 꼭 짜 놓는다.</p>```http://www.foodsafetykorea.go.kr/uploadimg/cook/20_00512_5.png```<p>5. 물기를 제거 시킨 두부에 흑임자를\n넣고 골고루 섞은 뒤 냄비에 넣고\n우유와 함께 은근히 끓여 속을 만든다.</p>```http://www.foodsafetykorea.go.kr/uploadimg/cook/20_00512_6.png```<p>6. 팬에 토마토를 먼저 구워 접시에 담고,\n숙성된 닭고기를 구워 올린 뒤, 그 위에\n오이로 원형기둥을 만들고 구운\n닭고기를 다시 올려 완성한다.</p>','2022-10-05 02:06:35.147178','2022-10-05 02:06:35.147210','http://www.foodsafetykorea.go.kr/uploadimg/cook/10_00512_1.png',0,13),(127,'오징어순대','http://www.foodsafetykorea.go.kr/uploadimg/cook/20_00513_1.png```<p>1. 통오징어는 다리를 떼어내고 내장을\n제거시켜 통째로 깨끗이 씻어 준비\n한다.</p>```http://www.foodsafetykorea.go.kr/uploadimg/cook/20_00513_2.png```<p>2. 양파와 당근, 부추, 생강은 입자있게\n썰고, 견과류는 다져 준비한다.</p>```http://www.foodsafetykorea.go.kr/uploadimg/cook/20_00513_3.png```<p>3. 두부는 물기를 짠 후 수저로 으깨어\n놓는다.</p>```http://www.foodsafetykorea.go.kr/uploadimg/cook/20_00513_4.png```<p>4. 잘게 썰은 오징어 다리와 썰어 놓은\n채소, 견과류(②), 곱게 다진 대파와\n마늘, 그리고 소금과 녹말가루를 두부\n(③)와 함께 골고루 섞어 순대속을\n만든다.</p>```http://www.foodsafetykorea.go.kr/uploadimg/cook/20_00513_5.png```<p>5. 손질된 오징어 속 안에 준비한 속을\n채워 넣는다.</p>```http://www.foodsafetykorea.go.kr/uploadimg/cook/20_00513_6.png```<p>6. 오징어순대에 레몬즙과 정종, 생강즙을\n섞어 바른 뒤 찜통에 김이 오르면\n오징어순대를 넣어 약 10분 정도 쪄서\n완성한다.</p>','2022-10-05 02:06:35.248264','2022-10-05 02:06:35.248292','http://www.foodsafetykorea.go.kr/uploadimg/cook/10_00513_1.png',0,13),(128,'연어차우더스프','http://www.foodsafetykorea.go.kr/uploadimg/cook/20_00514_1.png```<p>1. 모시조개는 물에 소금을 넣고, 담그어\n해감을 한다.</p>```http://www.foodsafetykorea.go.kr/uploadimg/cook/20_00514_2.png```<p>2. 연어는 사각지게 썰어 준비한다.</p>```http://www.foodsafetykorea.go.kr/uploadimg/cook/20_00514_3.png```<p>3. 당근, 양파, 감자는 사각크기로 썰어\n놓고, 청피망은 채를 썰어 당근과\n비슷한 길이로 잘라둔다.</p>```http://www.foodsafetykorea.go.kr/uploadimg/cook/20_00514_4.png```<p>4. 냄비에 버터와 밀가루를 넣고 볶다가\n채소를 넣어 같이 볶는다.</p>```http://www.foodsafetykorea.go.kr/uploadimg/cook/20_00514_5.png```<p>5. 볶아지는 냄비에 모시조개와 육수를\n넣고 끓인다.</p>```http://www.foodsafetykorea.go.kr/uploadimg/cook/20_00514_6.png```<p>6. 거품을 걷어내고, 월계수 잎과 통후추,\n통마늘을 넣고 끓이다가 연어와\n생크림을 넣어 한 소큼 끓으면 완성한다.</p>','2022-10-05 02:06:35.251359','2022-10-05 02:06:35.251388','http://www.foodsafetykorea.go.kr/uploadimg/cook/10_00514_1.png',0,13),(129,'시금치브로컬리 파스타','http://www.foodsafetykorea.go.kr/uploadimg/cook/20_00663_1.png```<p>1. 시금치와 브로콜리는 끓는 물에 소금을\n넣고 살짝 데친다.</p>```http://www.foodsafetykorea.go.kr/uploadimg/cook/20_00663_2.png```<p>2. 데친 시금치, 브로콜리와 바질을\n믹서에 갈아 준다.</p>```http://www.foodsafetykorea.go.kr/uploadimg/cook/20_00663_3.png```<p>3. 새우는 껍질을 벗겨 손질한다</p>```http://www.foodsafetykorea.go.kr/uploadimg/cook/20_00663_4.png```<p>4. 끓는 물에 스파게티를 10분 정도 삶아\n건진다.</p>```http://www.foodsafetykorea.go.kr/uploadimg/cook/20_00663_5.png```<p>5. 삶아진 스파게티는 팬에 올리브오일을\n넣고 볶는다.</p>```http://www.foodsafetykorea.go.kr/uploadimg/cook/20_00663_6.png```<p>6. 갈아 놓은 시금치소스에 생크림을 넣고\n한소끔 끓이면서 볶은 파스타를 넣은\n뒤 새우를 올린다</p>','2022-10-05 02:06:35.327002','2022-10-05 02:06:35.327030','http://www.foodsafetykorea.go.kr/uploadimg/cook/10_00663_1.png',0,13),(130,'야채찜을 곁들인 광어스테이크','http://www.foodsafetykorea.go.kr/uploadimg/cook/20_00664_1.png```<p>1. 광어는 비늘을 제거하고 포를 뜬다.</p>```http://www.foodsafetykorea.go.kr/uploadimg/cook/20_00664_2.png```<p>2. 손질된 광어에 레몬과 청주를 뿌려\n숙성 시킨다.</p>```http://www.foodsafetykorea.go.kr/uploadimg/cook/20_00664_3.png```<p>3. 저염간장에 레몬즙, 와사비,\n발사믹소스를 넣고 소스를 만든다.</p>```http://www.foodsafetykorea.go.kr/uploadimg/cook/20_00664_4.png```<p>4. 당근, 애호박은 쿠퍼로 동글동글하게\n깎는다.</p>```http://www.foodsafetykorea.go.kr/uploadimg/cook/20_00664_5.png```<p>5. 당근, 애호박, 콜리플라워는 김이 오른\n찜통에 5분 정도 쪄 낸다.</p>```http://www.foodsafetykorea.go.kr/uploadimg/cook/20_00664_6.png```<p>6. 가지와 파프리카는 팬에 굽고,\n숙성시킨 광어도 팬에 구워 접시에\n담고 쪄 낸 야채를 담은 뒤 소스를\n올린다.</p>','2022-10-05 02:06:35.428969','2022-10-05 02:06:35.428997','http://www.foodsafetykorea.go.kr/uploadimg/cook/10_00664_1.png',0,13),(131,'연근부각','http://www.foodsafetykorea.go.kr/uploadimg/cook/20_00665_1.png```<p>1. 연근은 껍질을 벗긴다.</p>```http://www.foodsafetykorea.go.kr/uploadimg/cook/20_00665_2.png```<p>2. 껍질벗긴 연근은 얇게 썬다.</p>```http://www.foodsafetykorea.go.kr/uploadimg/cook/20_00665_3.png```<p>3. 물 200g에 식초 10g을 섞는다</p>```http://www.foodsafetykorea.go.kr/uploadimg/cook/20_00665_4.png```<p>4. 식촛물에 썬 연근을 담근다.</p>```http://www.foodsafetykorea.go.kr/uploadimg/cook/20_00665_5.png```<p>5. 연근을 체에 건져 물기를 뺀다.</p>```http://www.foodsafetykorea.go.kr/uploadimg/cook/20_00665_6.png```<p>6. 연근을 바삭하게 튀긴 뒤 천일염을\n살짝 뿌리고, 계피가루를 묻힌다.</p>','2022-10-05 02:06:35.446136','2022-10-05 02:06:35.446161','http://www.foodsafetykorea.go.kr/uploadimg/cook/10_00665_1.png',0,13),(132,'오이냉국을 곁들인 오색쌈밥','http://www.foodsafetykorea.go.kr/uploadimg/cook/20_00666_1.png```<p>1. 쌀은 깨끗이 씻어 30분 정도 불려 밥을\n짓는다.</p>```http://www.foodsafetykorea.go.kr/uploadimg/cook/20_00666_2.png```<p>2. 달걀을 풀어 소금을 넣고 지단을\n만들어 채썬다.</p>```http://www.foodsafetykorea.go.kr/uploadimg/cook/20_00666_3.png```<p>3. 도라지, 애호박, 양파, 홍고추는 채를\n썰어 소금에 살짝 절여 볶고, 청포묵은\n채를 썰어 참기름에 버무린다.</p>```http://www.foodsafetykorea.go.kr/uploadimg/cook/20_00666_4.png```<p>4. 돼지 안심은 소금, 후춧가루로 양념 한\n뒤 팬에 익힌다.</p>```http://www.foodsafetykorea.go.kr/uploadimg/cook/20_00666_5.png```<p>5. 찬물에 식초, 설탕, 소금을 넣고 채 썬\n오이를 넣어 냉국을 만든다.</p>```http://www.foodsafetykorea.go.kr/uploadimg/cook/20_00666_6.png```<p>6. 고추장에 고춧가루를 섞어 쌈밥장을\n만들고, 라이스페이퍼를 물에 담궈\n건져 밥과 준비한 야채, 달걀지단,\n쌈무, 쌈밥장을 올려 돌돌 말고 데친\n미나리로 묶는다.</p>','2022-10-05 02:06:35.475037','2022-10-05 02:06:35.475062','http://www.foodsafetykorea.go.kr/uploadimg/cook/10_00666_1.png',0,13),(133,'카레탄두리치킨과 닭가슴살냉채','http://www.foodsafetykorea.go.kr/uploadimg/cook/20_00667_1.png```<p>1. 닭은 살을 발라 소금, 후춧가루로\n밑간을 한다.</p>```http://www.foodsafetykorea.go.kr/uploadimg/cook/20_00667_2.png```<p>2. 오곡을 불려 밥을 짓는다.</p>```http://www.foodsafetykorea.go.kr/uploadimg/cook/20_00667_3.png```<p>3. 오이, 아스파라거스, 당근, 양파는\n길이대로 채썬다.</p>```http://www.foodsafetykorea.go.kr/uploadimg/cook/20_00667_4.png```<p>4. 닭살에 지어 놓은 오곡밥을 넣는다</p>```http://www.foodsafetykorea.go.kr/uploadimg/cook/20_00667_5.png```<p>5. 오곡밥을 넣은 닭살에 카레가루를\n골고루 묻힌다.</p>```http://www.foodsafetykorea.go.kr/uploadimg/cook/20_00667_6.png```<p>6. 팬에 기름을 두르고 5번을 올려 은근히\n익혀 접시에 담고, 썰어 놓은 야채를\n닭살위에 담은 뒤 디종머스터드를\n올린다.</p>','2022-10-05 02:06:35.568102','2022-10-05 02:06:35.568131','http://www.foodsafetykorea.go.kr/uploadimg/cook/10_00667_1.png',0,13),(134,'컬리플라워소스 광어스테이크','http://www.foodsafetykorea.go.kr/uploadimg/cook/20_00668_1.png```<p>1. 광어는 비늘을 벗기고 포를 떠 소금,\n후춧가루를 뿌린다.</p>```http://www.foodsafetykorea.go.kr/uploadimg/cook/20_00668_2.png```<p>2. 콜리플라워는 팬에 볶는다.</p>```http://www.foodsafetykorea.go.kr/uploadimg/cook/20_00668_3.png```<p>3. 감자와 양파를 썰어 콜리플라워와 함께\n볶는다.</p>```http://www.foodsafetykorea.go.kr/uploadimg/cook/20_00668_4.png```<p>4. ?번에 우유를 넣는다.</p>```http://www.foodsafetykorea.go.kr/uploadimg/cook/20_00668_5.png```<p>5. ?를 믹서로 곱게 간 뒤, 끓인다.</p>```http://www.foodsafetykorea.go.kr/uploadimg/cook/20_00668_6.png```<p>6. 가지, 당근. 단호박은 둥근 모양으로\n만들어 팬에 시금치와 함께 익히고,\n광어도 팬에 구워 접시에 담아\n컬리플라워 소스를 올린다.</p>','2022-10-05 02:06:35.582766','2022-10-05 02:06:35.582815','http://www.foodsafetykorea.go.kr/uploadimg/cook/10_00668_1.png',0,13),(135,'콜라비오미자 물김치','http://www.foodsafetykorea.go.kr/uploadimg/cook/20_00669_1.png```<p>1. 다시마와 건새우를 넣고 은근히 끓여\n차갑게 식힌 뒤 육수를 만든다.</p>```http://www.foodsafetykorea.go.kr/uploadimg/cook/20_00669_2.png```<p>2. 차갑게 식힌 육수는 체에 걸려내고\n오미자를 넣고 소금으로 간을 한다.</p>```http://www.foodsafetykorea.go.kr/uploadimg/cook/20_00669_3.png```<p>3. 콜라비, 피망, 파프리카는 납작하게\n썬다.</p>```http://www.foodsafetykorea.go.kr/uploadimg/cook/20_00669_4.png```<p>4. 육수는 체에 거른다</p>```http://www.foodsafetykorea.go.kr/uploadimg/cook/20_00669_5.png```<p>5. 오미자를 넣고 소금으로 간을 한다.</p>```http://www.foodsafetykorea.go.kr/uploadimg/cook/20_00669_6.png```<p>6. 통에 썰어놓은 야채와 무화과를 담고\n?를 넣는다.</p>','2022-10-05 02:06:35.608503','2022-10-05 02:06:35.608528','http://www.foodsafetykorea.go.kr/uploadimg/cook/10_00669_1.png',0,13),(136,'크림소스치킨롤','http://www.foodsafetykorea.go.kr/uploadimg/cook/20_00670_1.png```<p>1. 닭가슴살은 포를 떠 소금과 후춧가루로\n밑간을 한다.</p>```http://www.foodsafetykorea.go.kr/uploadimg/cook/20_00670_2.png```<p>2. 새우는 껍질을 벗겨 손질한다.</p>```http://www.foodsafetykorea.go.kr/uploadimg/cook/20_00670_3.png```<p>3. 베이컨은 끓는 물에 데친다.</p>```http://www.foodsafetykorea.go.kr/uploadimg/cook/20_00670_4.png```<p>4. 마늘과 바질은 다진 뒤 버터에 섞는다.</p>```http://www.foodsafetykorea.go.kr/uploadimg/cook/20_00670_5.png```<p>5. 닭가슴살에 베이컨과 다진 버터를\n올린다.</p>```http://www.foodsafetykorea.go.kr/uploadimg/cook/20_00670_6.png```<p>6. 냄비에 마늘과 바질을 섞은 버터,\n치즈를 넣고 끓이다가 ?를 놓고\n졸인다.</p>','2022-10-05 02:06:35.628475','2022-10-05 02:06:35.628500','http://www.foodsafetykorea.go.kr/uploadimg/cook/10_00670_1.png',0,13),(137,'표고버섯 감자찜','http://www.foodsafetykorea.go.kr/uploadimg/cook/20_00671_1.png```<p>1. 표고버섯은 따뜻한 물에 불린다.</p>```http://www.foodsafetykorea.go.kr/uploadimg/cook/20_00671_2.png```<p>2. 감자는 강판에 간다.</p>```http://www.foodsafetykorea.go.kr/uploadimg/cook/20_00671_3.png```<p>3. 고수는 잘게 다진다.</p>```http://www.foodsafetykorea.go.kr/uploadimg/cook/20_00671_4.png```<p>4. 당근은 곱게 다지고, 양파와 홍고추도\n다진다.</p>```http://www.foodsafetykorea.go.kr/uploadimg/cook/20_00671_5.png```<p>5. 감자에 다진 당근과 양파, 홍고추를\n섞는다.</p>```http://www.foodsafetykorea.go.kr/uploadimg/cook/20_00671_6.png```<p>6. 불린 표고버섯은 기둥을 자르고 바닥에\n녹말가루를 묻혀 ?번을 넣고 김이\n오른 찜통에 약 10분 정도 찐다.</p>','2022-10-05 02:06:35.708764','2022-10-06 23:52:53.045531','http://www.foodsafetykorea.go.kr/uploadimg/cook/10_00671_1.png',2,13),(138,'해물애호박 전병말이','http://www.foodsafetykorea.go.kr/uploadimg/cook/20_00672_1.png```<p>1. 새우는 껍질을 벗겨 다진다.</p>```http://www.foodsafetykorea.go.kr/uploadimg/cook/20_00672_2.png```<p>2. 오징어는 소금으로 껍질을 벗겨\n다진다.</p>```http://www.foodsafetykorea.go.kr/uploadimg/cook/20_00672_3.png```<p>3. 애호박, 깻잎, 대추는 곱게 채썬다.</p>```http://www.foodsafetykorea.go.kr/uploadimg/cook/20_00672_4.png```<p>4. 채썬 애호박과 깻잎은 소금에 살짝\n절인 뒤 물기를 짠다.</p>```http://www.foodsafetykorea.go.kr/uploadimg/cook/20_00672_5.png```<p>5. 밀가루에 찹쌀가루, 애호박, 깻잎,\n대추채와 다진 새우, 오징어를 넣고\n팬에 기름을 둘러 전병을 만든 뒤 돌돌\n말아 썰어 접시에 담는다.</p>```http://www.foodsafetykorea.go.kr/uploadimg/cook/20_00672_6.png```<p>6. 저염간장과 식초, 설탕을 넣고 소스를\n만든다.</p>','2022-10-05 02:06:35.876739','2022-10-05 02:06:35.876768','http://www.foodsafetykorea.go.kr/uploadimg/cook/10_00672_1.png',0,13),(139,'찬밥이용닭죽','http://www.foodsafetykorea.go.kr/uploadimg/cook/673-1.jpg```<p>1. 닭다리는 기름기를 제거하고 냄비에 물 3컵 반을 부어 통마늘과 삶아 육수를 만든다.</p>```http://www.foodsafetykorea.go.kr/uploadimg/cook/673-2.jpg```<p>2. 삶은 마늘을 체에 걸러 으깬 뒤 다시 육수에 넣는다.</p>```http://www.foodsafetykorea.go.kr/uploadimg/cook/673-3.jpg```<p>3. 닭 육수 2컵 반에 찬밥을 넣고 밥알이 무르도록 끓인다.</p>```http://www.foodsafetykorea.go.kr/uploadimg/cook/673-4.jpg```<p>4. 삶은 닭다리 살을 발라 잘게 찢어 넣는다.</p>```http://www.foodsafetykorea.go.kr/uploadimg/cook/673-5.jpg```<p>5. 감자, 양파, 당근, 부추는 잘게 다진다.</p>```http://www.foodsafetykorea.go.kr/uploadimg/cook/673-6.jpg```<p>6. 4에 5를 넣고 끓인 뒤 소금, 후춧가루로 간 한다.</p>','2022-10-05 02:06:35.884662','2022-10-05 02:06:35.884689','http://www.foodsafetykorea.go.kr/uploadimg/20141118/20141118102057_1416273657171.jpg',0,13),(140,'감자느타리버섯국','http://www.foodsafetykorea.go.kr/uploadimg/cook/674-1.jpg```<p>1. 물 1컵 반에 국멸치와 건다시마를 넣어 멸치다시마국물을 만든다.</p>```http://www.foodsafetykorea.go.kr/uploadimg/cook/674-2.jpg```<p>2. 국물을 우린 다시마는 채썬다.</p>```http://www.foodsafetykorea.go.kr/uploadimg/cook/674-3.jpg```<p>3. 느타리버섯은 끓는 물에 데친 후 찢는다.</p>```http://www.foodsafetykorea.go.kr/uploadimg/cook/674-4.jpg```<p>4. 감자와 두부는 3~4cm 가량으로 채를 썰고 홍고추와 대파는 어슷썬다.</p>```http://www.foodsafetykorea.go.kr/uploadimg/cook/674-5.jpg```<p>5. 멸치다시마국물 1컵에 감자를 넣고 끓인 뒤 느타리버섯을 넣어 한소끔 끓이고 두부, 파, 다진 마늘, 홍고추를 넣고 소금으로 간 한다.</p>```http://www.foodsafetykorea.go.kr/uploadimg/cook/674-6.jpg```<p>6. 채 썬 다시마를 고명으로 얹는다</p>','2022-10-05 02:06:35.895777','2022-10-05 02:06:35.895805','http://www.foodsafetykorea.go.kr/uploadimg/20141118/20141118102104_1416273664244.jpg',0,13),(141,'아몬드치킨볼','http://www.foodsafetykorea.go.kr/uploadimg/cook/20_00297_1.png```<p>1. 냄비에 육수 재료와 물(400g)을\n넣고 푹 끓인다.</p>```http://www.foodsafetykorea.go.kr/uploadimg/cook/20_00297_2.png```<p>2. 양송이버섯을 잘게 다진 뒤 버터에\n살짝 볶아 건져 한김 식힌 뒤\n닭다리살과 닭가슴살, 아몬드를 다져\n볶은 양송이버섯과 섞어 동그랗게\n빚어 밀가루옷을 입힌다.</p>```http://www.foodsafetykorea.go.kr/uploadimg/cook/20_00297_3.png```<p>3. 식용유(15g)를 두른 팬에서 겉을\n노릇하게 굽는다.</p>```http://www.foodsafetykorea.go.kr/uploadimg/cook/20_00297_4.png```<p>4. 육수(150g), 우유, 들깻가루를 끓여\n소스를 만든 뒤 아몬드 치킨볼과\n브로콜리를 넣고 졸인다.</p>```http://www.foodsafetykorea.go.kr/uploadimg/cook/20_00297_5.png```<p>5. 마늘은 편 썰어 낮은 온도의\n식용유에서 바삭하게 튀긴다.</p>```http://www.foodsafetykorea.go.kr/uploadimg/cook/20_00297_6.png```<p>6. 접시에 아몬드치킨볼을 담고\n튀긴 마늘을 얹어 마무리한다.</p>','2022-10-05 02:06:35.916130','2022-10-07 05:59:39.665081','http://www.foodsafetykorea.go.kr/uploadimg/cook/10_00297_1.png',7,13),(142,'민어매운탕','http://www.foodsafetykorea.go.kr/uploadimg/cook/677-1.jpg```<p>1. 양념장 재료를 모두 섞어 냉장고에서 하루 숙성시킨다.</p>```http://www.foodsafetykorea.go.kr/uploadimg/cook/677-2.jpg```<p>2. 민어는 비늘을 긁고 지느러미, 내장을 제거하여 흐르는 물에 씻어 5cm 길이로 토막 낸다.</p>```http://www.foodsafetykorea.go.kr/uploadimg/cook/677-3.jpg```<p>3. 소고기는 채 썰어 다진 마늘, 후추로 밑간한다.</p>```http://www.foodsafetykorea.go.kr/uploadimg/cook/677-4.jpg```<p>4. 무는 나박 썰기, 애호박은 반달 썰기, 애느타리는 한입 크기로 찢고 고추와 대파는 어슷 썬다.</p>```http://www.foodsafetykorea.go.kr/uploadimg/cook/677-5.jpg```<p>5. 냄비에 참기름을 두르고 소고기를 볶다가 물 1컵 반과 무를 넣고 양념장을 풀어 끓인다.</p>```http://www.foodsafetykorea.go.kr/uploadimg/cook/677-6.jpg```<p>6. 무가 반 정도 익으면 민어와 채소를 넣고 한소끔 끓인 뒤 어슷 썬 대파와 생강즙을 넣어 살짝 끓이고 소금 간하고 쑥갓을 넣는다.</p>','2022-10-05 02:06:35.917121','2022-10-05 02:06:35.917145','http://www.foodsafetykorea.go.kr/uploadimg/20141118/20141118102107_1416273667490.jpg',0,13),(143,'양배추롤','http://www.foodsafetykorea.go.kr/uploadimg/cook/20_00298_1.png```<p>1. 현미와 쌀을 씻어 30분간 불린 뒤\n물기를 빼고, 다시마를\n우려낸 물(불린 쌀 동량)로 밥을 지어\n식힌 후 새우가루를 넣어 섞는다.</p>```http://www.foodsafetykorea.go.kr/uploadimg/cook/20_00298_2.png```<p>2. 양배추는 15~20분 정도 쪄서\n준비한다.</p>```http://www.foodsafetykorea.go.kr/uploadimg/cook/20_00298_3.png```<p>3. 얇게 저민 쇠고기를 팬에 올려\n익힌다.</p>```http://www.foodsafetykorea.go.kr/uploadimg/cook/20_00298_4.png```<p>4. 달래는 0.5㎝ 정도로 송송 썰어\n간장, 참기름에 버무린다.</p>```http://www.foodsafetykorea.go.kr/uploadimg/cook/20_00298_5.png```<p>5. 김발에 양배추, 고기, 밥 순서대로\n올려 돌돌 말아 양배추롤을 만든다.</p>```http://www.foodsafetykorea.go.kr/uploadimg/cook/20_00298_6.png```<p>6. 롤을 한입 크기로 썰어 담고\n달래 무침을 얹은 뒤 송송 썬\n붉은 고추를 올려 마무리한다.</p>','2022-10-05 02:06:35.995878','2022-10-05 02:06:35.995903','http://www.foodsafetykorea.go.kr/uploadimg/cook/10_00298_1.png',0,13),(144,'생선베이컨말이','http://www.foodsafetykorea.go.kr/uploadimg/cook/20_00299_1.png```<p>1. 피망, 파프리카는 5㎝ 길이로 채\n썰고, 시금치는 갈아둔다.</p>```http://www.foodsafetykorea.go.kr/uploadimg/cook/20_00299_2.png```<p>2. 베이컨 위에 동태포를 올리고\n그 위에 피망과 파프리카를 올려\n돌돌 만다.</p>```http://www.foodsafetykorea.go.kr/uploadimg/cook/20_00299_3.png```<p>3. 저염버터에 생크림을 넣어서 농도를\n맞춘 후 갈아놓은 시금치를 넣어\n시금치소스를 만든다.</p>```http://www.foodsafetykorea.go.kr/uploadimg/cook/20_00299_4.png```<p>4. 달군 팬에 흰살생선베이컨말이를\n올려 완전히 익힌다.</p>```http://www.foodsafetykorea.go.kr/uploadimg/cook/20_00299_5.png```<p>5. 접시에 담아 시금치소스를\n곁들인 뒤 새싹채소로 장식하여\n마무리한다.</p>','2022-10-05 02:06:36.227510','2022-10-05 02:06:36.227538','http://www.foodsafetykorea.go.kr/uploadimg/cook/10_00299_1.png',0,13),(145,'콩고기샐러드','http://www.foodsafetykorea.go.kr/uploadimg/cook/20_00300_1.png```<p>1. 콩고기를 15분~20분 정도 물에\n불려 물기를 완전히 제거한 뒤\n저염간장양념으로 버무려 볶는다.</p>```http://www.foodsafetykorea.go.kr/uploadimg/cook/20_00300_2.png```<p>2. 아보카도, 바나나, 가지, 연근은\n깍둑 썰고, 방울토마토는 반을\n가른다.</p>```http://www.foodsafetykorea.go.kr/uploadimg/cook/20_00300_3.png```<p>3. 팬에 식용유(5g)를 둘러가며\n방울토마토, 가지, 연근을 각각\n볶아 건진다.</p>```http://www.foodsafetykorea.go.kr/uploadimg/cook/20_00300_4.png```<p>4. 만두피를 작은 체에 넣고\n바구니 모양으로 만들어 튀긴다.</p>```http://www.foodsafetykorea.go.kr/uploadimg/cook/20_00300_5.png```<p>5. 콩고기와 아보카도, 바나나,\n방울토마토, 가지, 연근을 튀긴\n만두피에 담은 뒤 허브오일드레싱을\n곁들여 마무리한다.</p>','2022-10-05 02:06:36.232152','2022-10-05 02:06:36.232180','http://www.foodsafetykorea.go.kr/uploadimg/cook/10_00300_1.png',0,13),(146,'퀴노아닭가슴살샐러드','http://www.foodsafetykorea.go.kr/uploadimg/cook/20_00301_1.png```<p>1. 수박껍질은 흰 부분만 사용해\n작게 깍둑 썰고, 토마토는 껍질을\n벗겨 속씨를 제거해 작게 깍둑썬다.</p>```http://www.foodsafetykorea.go.kr/uploadimg/cook/20_00301_2.png```<p>2. 닭가슴살은 수비드해 익힌 뒤\n한입 크기로 썬다.</p>```http://www.foodsafetykorea.go.kr/uploadimg/cook/20_00301_3.png```<p>3. 감자, 가지, 양파, 피망,\n아스파라거스는 깍둑 썬 뒤\n닭가슴살과 함께 볶는다.</p>```http://www.foodsafetykorea.go.kr/uploadimg/cook/20_00301_4.png```<p>4. 팬에 복분자를 넣고 살짝 졸인 뒤\n레몬즙을 섞어 복분자소스를 만든다.</p>```http://www.foodsafetykorea.go.kr/uploadimg/cook/20_00301_5.png```<p>5. 접시에 퀴노아를 두른 후\n닭가슴살과 감자, 가지, 양파, 피망,\n아스파라거스를 올리면서 중간\n중간에 토마토와 수박,\n리코타치즈를 넣는다.</p>```http://www.foodsafetykorea.go.kr/uploadimg/cook/20_00301_6.png```<p>6. 맨 위에 퀴노아를 살짝 올려주고\n양상추, 플레인 요구르트,\n어린잎채소를 얹어 마무리한다.</p>','2022-10-05 02:06:36.246655','2022-10-05 02:06:36.246681','http://www.foodsafetykorea.go.kr/uploadimg/cook/10_00301_1.png',0,13),(147,'바나나크림파스타','http://www.foodsafetykorea.go.kr/uploadimg/cook/20_00302_1.png```<p>1. 바나나를 반으로 잘라 반은 편 썰고\n반은 으깨고, 아보카도는 껍질과\n씨를 제거 한 후 ⅓은 편 썰고\n⅔는 으깬다.</p>```http://www.foodsafetykorea.go.kr/uploadimg/cook/20_00302_2.png```<p>2. 토마토는 끓는 물에 데쳐 껍질을\n제거하고 얇게 썬다.</p>```http://www.foodsafetykorea.go.kr/uploadimg/cook/20_00302_3.png```<p>3. 베이컨 2장은 채 썰고,\n1장은 구운 뒤 비슷한 크기로\n채 썬다.</p>```http://www.foodsafetykorea.go.kr/uploadimg/cook/20_00302_4.png```<p>4. 베이컨을 구운 기름에 편 썬 바나나,\n아보카도, 토마토를 넣고 바질가루를\n뿌려 굽는다.</p>```http://www.foodsafetykorea.go.kr/uploadimg/cook/20_00302_5.png```<p>5. 팬에 채 썬 베이컨과 다진 마늘,\n다진 양파를 볶은 후 휘핑크림,\n저염치즈를 넣고 볶다가 으깬\n아보카도, 바나나, 우유를 넣어\n농도를 맞추고 소금으로 간해\n바나나크림을 만든다.</p>```http://www.foodsafetykorea.go.kr/uploadimg/cook/20_00302_6.png```<p>6. 접시에 구운 바나나, 아보카도,\n토마토를 깔고 삶은 스파게티면을\n담은 후 바나나크림을 뿌리고\n베이컨을 올려 장식해 마무리한다.</p>','2022-10-05 02:06:36.314721','2022-10-06 17:15:07.897389','http://www.foodsafetykorea.go.kr/uploadimg/cook/10_00302_1.png',3,13),(148,'산채쌀파스타','http://www.foodsafetykorea.go.kr/uploadimg/cook/20_00303_1.png```<p>1. 신선초, 참나물, 취나물, 적겨자는\n먹기 좋은 크기로 뜯고,\n깻잎은 한입 크기로 썬다.</p>```http://www.foodsafetykorea.go.kr/uploadimg/cook/20_00303_2.png```<p>2. 양파(8g)는 채 썰고, 파스타소스에\n들어갈 양파(15g)는 굵게 다지고,\n애호박도 양파와 비슷한 크기로\n굵게 다진다.</p>```http://www.foodsafetykorea.go.kr/uploadimg/cook/20_00303_3.png```<p>3. 오이는 돌려 깎은 뒤 채 썰고,\n고추도 얇게 채 썬다.</p>```http://www.foodsafetykorea.go.kr/uploadimg/cook/20_00303_4.png```<p>4. 끓는 물에 쌀파스타면을 넣고 5분간\n삶아 익힌 뒤 찬물에 헹궈 물기를\n뺀다.</p>```http://www.foodsafetykorea.go.kr/uploadimg/cook/20_00303_5.png```<p>5. 팬에 물(60g)을 붓고 물이 끓으면\n된장, 청국장, 다진 양파, 애호박,\n으깬 두부, 다진 마늘을 넣고\n1분 30초 정도 졸여 파스타소스를\n만든다.</p>```http://www.foodsafetykorea.go.kr/uploadimg/cook/20_00303_6.png```<p>6. 쌀파스타면 위에 소스를 얹은 뒤\n채소를 올리고 들기름을 뿌려\n마무리한다.</p>','2022-10-05 02:06:36.365317','2022-10-05 02:06:36.365344','http://www.foodsafetykorea.go.kr/uploadimg/cook/10_00303_1.png',0,13),(149,'황태포당면국수','http://www.foodsafetykorea.go.kr/uploadimg/cook/20_00304_1.png```<p>1. 감자는 한입 크기로 썰고, 양파와\n당근, 대파는 길게 채 썰고,\n청양고추는 다지고, 팽이버섯은\n깨끗이 씻어 준비한다.</p>```http://www.foodsafetykorea.go.kr/uploadimg/cook/20_00304_2.png```<p>2. 달걀은 노른자와 흰자를 분리해\n지단을 부쳐 채 썬다.</p>```http://www.foodsafetykorea.go.kr/uploadimg/cook/20_00304_3.png```<p>3. 당면은 찬물에 2시간 정도 불린다.</p>```http://www.foodsafetykorea.go.kr/uploadimg/cook/20_00304_4.png```<p>4. 물(300g)에 멸치를 넣어 육수를\n만든 후, 황태포를 넣어 다시\n한 번 진하게 육수를 우려낸다.</p>```http://www.foodsafetykorea.go.kr/uploadimg/cook/20_00304_5.png```<p>5. 육수에 감자, 당근, 양파, 당면을\n순서대로 넣고 끓인 후 불을 끄고\n팽이버섯을 얹어 잔열로 익힌다.</p>```http://www.foodsafetykorea.go.kr/uploadimg/cook/20_00304_6.png```<p>6. 다진 마늘, 청양고추, 저염간장, 소금,\n후춧가루를 넣어 간을 한 뒤 지단,\n쑥갓, 대파를 얹어 마무리한다.</p>','2022-10-05 02:06:36.449654','2022-10-05 02:06:36.449686','http://www.foodsafetykorea.go.kr/uploadimg/cook/10_00304_1.png',0,13),(150,'닭갈비볶음면','http://www.foodsafetykorea.go.kr/uploadimg/cook/20_00305_1.png```<p>1. 마늘 5g은 다지고, 나머지 마늘(15g)은\n편 썰어 노릇하게 튀긴다.</p>```http://www.foodsafetykorea.go.kr/uploadimg/cook/20_00305_2.png```<p>2. 깻잎은 채 썰고, 쪽파는 송송 썰고,\n파프리카는 주사위 모양으로 썰고,\n양파와 대파는 채 썰고,\n방울토마토는 반을 갈라 준비한다.</p>```http://www.foodsafetykorea.go.kr/uploadimg/cook/20_00305_3.png```<p>3. 닭가슴살은 어슷하게 납작 썰어\n이태리시즈닝에 재운 뒤 팬에 구워\n준비한다.</p>```http://www.foodsafetykorea.go.kr/uploadimg/cook/20_00305_4.png```<p>4. 다진 마늘, 양파, 대파를 팬에 넣고\n향을 내다 파프리카와 방울토마토,\n양념을 넣고 볶은 뒤 한 김 식혀\n믹서에 곱게 갈아 소스를 만든다.</p>```http://www.foodsafetykorea.go.kr/uploadimg/cook/20_00305_5.png```<p>5. 팬에 소스와 구운 닭가슴살을 넣어\n볶다가 삶은 라면을 넣고 재빠르게\n볶는다.</p>```http://www.foodsafetykorea.go.kr/uploadimg/cook/20_00305_6.png```<p>6. 튀긴 마늘과 깻잎, 쪽파를 올려\n마무리한다.</p>','2022-10-05 02:06:36.470209','2022-10-05 02:06:36.470234','http://www.foodsafetykorea.go.kr/uploadimg/cook/10_00305_1.png',0,13),(151,'오색볶음면','http://www.foodsafetykorea.go.kr/uploadimg/cook/20_00306_1.png```<p>1. 양파와 청경채, 파프라카는 채 썰고,\n쪽파는 송송 썬다.</p>```http://www.foodsafetykorea.go.kr/uploadimg/cook/20_00306_2.png```<p>2. 라면은 삶아서 체에 밭쳐 물기를\n제거한다.</p>```http://www.foodsafetykorea.go.kr/uploadimg/cook/20_00306_3.png```<p>3. 팬에 식용유(5g)를 두르고 다진\n마늘을 볶아 향을 낸 뒤 돼지고기를\n볶는다.</p>```http://www.foodsafetykorea.go.kr/uploadimg/cook/20_00306_4.png```<p>4. 채 썬 양파와 청경채, 파프리카를\n함께 넣고 볶다가 고추기름, 설탕,\n두반장, 라면스프로 간을 해\n볶는다.</p>```http://www.foodsafetykorea.go.kr/uploadimg/cook/20_00306_5.png```<p>5. 면을 함께 볶은 후 송송 썬 쪽파를\n뿌려 마무리한다.</p>','2022-10-05 02:06:36.634315','2022-10-05 02:06:36.634342','http://www.foodsafetykorea.go.kr/uploadimg/cook/10_00306_1.png',0,13),(152,'로제소스라면','http://www.foodsafetykorea.go.kr/uploadimg/cook/20_00307_1.png```<p>1. 새우, 조개, 홍합은 손질한다.</p>```http://www.foodsafetykorea.go.kr/uploadimg/cook/20_00307_2.png```<p>2. 버섯은 먹기 좋은 크기로 썰고,\n양파는 채 썰고, 토마토는 씨를\n제거해 다진다.</p>```http://www.foodsafetykorea.go.kr/uploadimg/cook/20_00307_3.png```<p>3. 라면은 끓는 물에 데친 뒤 체에 밭쳐\n물기를 제거한다.</p>```http://www.foodsafetykorea.go.kr/uploadimg/cook/20_00307_4.png```<p>4. 냄비에 식용유(10g)를 두른 뒤\n새우와 조개, 홍합을 넣어 살짝 볶아\n건진다.</p>```http://www.foodsafetykorea.go.kr/uploadimg/cook/20_00307_5.png```<p>5. 같은 냄비에 토마토, 우유, 생크림을\n넣은 뒤 월계수잎과 정향을 넣고\n끓인다.</p>```http://www.foodsafetykorea.go.kr/uploadimg/cook/20_00307_6.png```<p>6. 끓으면 데친 라면, 새송이버섯, 홍합,\n새우, 조개, 양파를 넣고 끓여 다\n익으면 파르메산 치즈가루를\n뿌린 후 그 위에 파슬리가루를 뿌려\n마무리한다.</p>','2022-10-05 02:06:36.680486','2022-10-05 02:06:36.680511','http://www.foodsafetykorea.go.kr/uploadimg/cook/10_00307_1.png',0,13),(153,'라면월남쌈튀김','http://www.foodsafetykorea.go.kr/uploadimg/cook/20_00308_1.png```<p>1. 라면을 살짝 익힌다.</p>```http://www.foodsafetykorea.go.kr/uploadimg/cook/20_00308_2.png```<p>2. 배와 파인애플을 한입 크기로\n썰고, 파프리카는 깍둑 썬다.</p>```http://www.foodsafetykorea.go.kr/uploadimg/cook/20_00308_3.png```<p>3. 팬에 쇠고기 양념장과 파인애플을\n넣어 끓이다가 채 썬 쇠고기를\n넣는다.</p>```http://www.foodsafetykorea.go.kr/uploadimg/cook/20_00308_4.png```<p>4. 레드와인을 넣고 알코올을 날린 뒤\n매실청을 넣고 조린다.</p>```http://www.foodsafetykorea.go.kr/uploadimg/cook/20_00308_5.png```<p>5. 라면과 파프리카, 배를 섞은 후\n라이스페이퍼에 올려 만다.</p>```http://www.foodsafetykorea.go.kr/uploadimg/cook/20_00308_6.png```<p>6. 달걀물을 묻힌 후 빵가루를 입혀\n튀긴 뒤 그릇에 어린잎채소와 함께\n담아 조린 쇠고기를 곁들여 마무리\n한다.</p>','2022-10-05 02:06:36.733083','2022-10-05 02:06:36.733112','http://www.foodsafetykorea.go.kr/uploadimg/cook/10_00308_1.png',0,13),(154,'삼겹살라면','http://www.foodsafetykorea.go.kr/uploadimg/cook/20_00309_1.png```<p>1. 돼지고기를 차가운 물로 헹구고\n냄비에 물(300g), 대파, 생강과 같이\n넣고 끓여 돼지고기가 익으면\n면포에 거른다.</p>```http://www.foodsafetykorea.go.kr/uploadimg/cook/20_00309_2.png```<p>2. 냄비에 물(300g)을 넣어 끓으면\n가다랑어포를 넣고 1분간 끓이고\n불을 꺼 가다랑어포가 가라앉으면\n면포에 거르고, 다시 물(300g)을\n넣어 면포에 걸러낸 가다랑어포를\n넣어 약한 불로 10분간 끓인 뒤\n가다랑어포가 가라앉으면 면포에\n거른다.</p>```http://www.foodsafetykorea.go.kr/uploadimg/cook/20_00309_3.png```<p>3. 돼지고기 육수와 가다랑어포 육수를\n섞은 뒤 200g을 따로 덜어\n조림양념을 넣고 끓이다가\n돼지고기를 넣고 조린다.</p>```http://www.foodsafetykorea.go.kr/uploadimg/cook/20_00309_4.png```<p>4. 라면은 삶아 찬물에 헹궈 건지고,\n쪽파는 송송 썬다.</p>```http://www.foodsafetykorea.go.kr/uploadimg/cook/20_00309_5.png```<p>5. 육수를 뜨겁게 끓인 뒤 그릇에\n라면사리와 함께 담고,\n돼지고기조림, 쪽파를 올리고 팬에\n남은 조림 소스를 끼얹어 마무리한다.</p>','2022-10-05 02:06:36.904969','2022-10-05 02:06:36.905000','http://www.foodsafetykorea.go.kr/uploadimg/cook/10_00309_1.png',0,13),(155,'유자샐러드라면','http://www.foodsafetykorea.go.kr/uploadimg/cook/20_00310_1.png```<p>1. 끓는 물(600g)에 라면을 넣어\n데친다.</p>```http://www.foodsafetykorea.go.kr/uploadimg/cook/20_00310_2.png```<p>2. 면은 찬물에 헹궈 물기를 뺀다.</p>```http://www.foodsafetykorea.go.kr/uploadimg/cook/20_00310_3.png```<p>3. 양상추, 케일, 파프리카는 얇게 채\n썰고, 비타민은 먹기 좋은 크기로\n자른다.</p>```http://www.foodsafetykorea.go.kr/uploadimg/cook/20_00310_4.png```<p>4. 유자드레싱을 고루 섞은 뒤 라면,\n채소를 버무려 마무리한다.</p>','2022-10-05 02:06:36.908176','2022-10-05 02:06:36.908204','http://www.foodsafetykorea.go.kr/uploadimg/cook/10_00310_1.png',0,13),(156,'주꾸미머리순대','http://www.foodsafetykorea.go.kr/uploadimg/cook/20_00414_01.png```<p>1. 주꾸미를 몸과 다리를 분리 후 잘 씻어준다.</p>```http://www.foodsafetykorea.go.kr/uploadimg/cook/20_00414_02.png```<p>2. 주꾸미 다리, 미나리, 양파, 당근을 다져준다.</p>```http://www.foodsafetykorea.go.kr/uploadimg/cook/20_00414_03.png```<p>3. 다진 채소를 계란, 다진마늘, 생강청에 양념\n한다.</p>```http://www.foodsafetykorea.go.kr/uploadimg/cook/20_00414_04.png```<p>4. 양념한 3을 주꾸미 머리 속에 넣어주고\n이쑤시개로 꽂아준다.</p>```http://www.foodsafetykorea.go.kr/uploadimg/cook/20_00414_05.png```<p>5. 찜기에 찐다. 찔 때 레몬즙을 뿌리면 더욱\n탱탱하다.</p>```http://www.foodsafetykorea.go.kr/uploadimg/cook/20_00414_06.png```<p>6. 소스를 만든 뒤 주꾸미를 함께 완성한다.</p>','2022-10-05 02:06:36.926201','2022-10-05 02:06:36.926225','http://www.foodsafetykorea.go.kr/uploadimg/cook/10_00414_1.png',0,13),(157,'매실동치미','http://www.foodsafetykorea.go.kr/uploadimg/cook/20_00415_01.png```<p>1. 무는 모양 틀로 자른다.</p>```http://www.foodsafetykorea.go.kr/uploadimg/cook/20_00415_02.png```<p>2. 무와 연근을 손질해 놓은 후 소금에 살짝\n절여준다.</p>```http://www.foodsafetykorea.go.kr/uploadimg/cook/20_00415_03.png```<p>3. 사과와 배는 먹기 좋게 잘라 레몬즙에 뿌려\n갈변을 막아준다.</p>```http://www.foodsafetykorea.go.kr/uploadimg/cook/20_00415_04.png```<p>4. 물에 청양고추를 넣어 끓여서 식힌다.</p>```http://www.foodsafetykorea.go.kr/uploadimg/cook/20_00415_05.png```<p>5. 식힌 물에 국물 재료를 넣어 국물을 만든다.</p>```http://www.foodsafetykorea.go.kr/uploadimg/cook/20_00415_06.png```<p>6. 만들어진 국물에 절여진 무, 연근, 사과, 배를\n넣어주어 완성한다. 24시간 이후부터 시원하게\n먹는다.</p>','2022-10-05 02:06:36.975630','2022-10-05 02:06:36.975656','http://www.foodsafetykorea.go.kr/uploadimg/cook/10_00415_1.png',0,13),(158,'초계탕과 사색곤약','http://www.foodsafetykorea.go.kr/uploadimg/cook/20_00638_1.png```<p>1. 닭을 깨끗이 손질하고, 부위별로\n자른다.</p>```http://www.foodsafetykorea.go.kr/uploadimg/cook/20_00638_2.png```<p>2. 냄비에 가시오가피, 대파, 다시마,\n마늘, 건새우를 넣고 은근히 끓인 후\n닭을 넣고 약 20분 정도 삶아 건진 뒤\n살을 찢어둔다.</p>```http://www.foodsafetykorea.go.kr/uploadimg/cook/20_00638_3.png```<p>3. 양파, 오이는 채썰고 식초, 설탕,\n소금을 넣고 초절임한다</p>```http://www.foodsafetykorea.go.kr/uploadimg/cook/20_00638_4.png```<p>4. 겨자가루에 30℃ 정도의 물을 넣고\n골고루 섞어 발효시키고, 설탕, 식초,\n소금을 넣고 겨자소스를 만든다</p>```http://www.foodsafetykorea.go.kr/uploadimg/cook/20_00638_5.png```<p>5. 흰곤약과 비트, 치자가루를 섞은 곤약,\n채썬 다시마를 접시에 담는다.</p>```http://www.foodsafetykorea.go.kr/uploadimg/cook/20_00638_6.png```<p>6. 양파, 오이 초절임과 닭살을 한쪽에\n담아 먹기 직전에 겨자소스를 올린다.</p>','2022-10-05 02:06:37.069776','2022-10-05 02:06:37.069803','http://www.foodsafetykorea.go.kr/uploadimg/cook/10_00638_1.png',0,13),(159,'호박잎 삼계탕','http://www.foodsafetykorea.go.kr/uploadimg/cook/20_00639_1.png```<p>1. 찹쌀은 깨끗이 씻어 30분 정도 불린다</p>```http://www.foodsafetykorea.go.kr/uploadimg/cook/20_00639_2.png```<p>2. 불린 찹쌀은 냄비에 넣고 질게 밥을\n한다.</p>```http://www.foodsafetykorea.go.kr/uploadimg/cook/20_00639_3.png```<p>3. 닭가슴살은 넓게 펴서 소금,\n후춧가루를 뿌린다.</p>```http://www.foodsafetykorea.go.kr/uploadimg/cook/20_00639_4.png```<p>4. 호박잎과 미나리는 끓는 물에 살짝\n데치고, 대추는 돌려 깎아 씨를\n제거하고 인삼은 뇌두를 제거한 뒤\n채를 썰어둔다.</p>```http://www.foodsafetykorea.go.kr/uploadimg/cook/20_00639_5.png```<p>5. 데친 호박잎에 닭 가슴살을 올린다.</p>```http://www.foodsafetykorea.go.kr/uploadimg/cook/20_00639_6.png```<p>6. 닭 가슴살위에 찹쌀밥과 준비한 야채와\n대추를 올려 돌돌 말아 질게 된\n찹쌀밥에 넣고 약 20분 정도 더 쪄낸다.</p>','2022-10-05 02:06:37.178536','2022-10-05 10:23:32.772218','http://www.foodsafetykorea.go.kr/uploadimg/cook/10_00639_1.png',1,13),(160,'돼지머리수육맑은전골','http://www.foodsafetykorea.go.kr/uploadimg/cook/20_00417_01.png```<p>1. 무, 청고추, 미나리, 대파는 먹기 좋게 썰어준다.</p>```http://www.foodsafetykorea.go.kr/uploadimg/cook/20_00417_02.png```<p>2. 돼지머리는 냉수에 데친다. 냉수일 때부터\n돼지머리를 넣어야 물이 끓어오르면 불순물이\n제거된다.</p>```http://www.foodsafetykorea.go.kr/uploadimg/cook/20_00417_03.png```<p>3. 일본 된장을 풀어 체에 걸러준다.</p>```http://www.foodsafetykorea.go.kr/uploadimg/cook/20_00417_04.png```<p>4. 돼지머리를 살짝 졸여준다.</p>```http://www.foodsafetykorea.go.kr/uploadimg/cook/20_00417_05.png```<p>5. 냄비에 국물을 끓여주다가 채소를 넣어 끓인다.</p>```http://www.foodsafetykorea.go.kr/uploadimg/cook/20_00417_06.png```<p>6. 국물에 우동면을 데쳐낸 뒤 완성한다.</p>','2022-10-05 02:06:37.191849','2022-10-05 02:11:00.326427','http://www.foodsafetykorea.go.kr/uploadimg/cook/10_00417_1.png',1,13),(161,'파인애플볶음밥','http://www.foodsafetykorea.go.kr/uploadimg/cook/20_00418_01.png```<p>1. 양파, 2가지색 파프리카, 청고추는 작은 깍두기\n모양으로 잘라준다.</p>```http://www.foodsafetykorea.go.kr/uploadimg/cook/20_00418_02.png```<p>2. 파인애플도 먹기 좋게 썰어준 뒤 레몬소금을\n살짝 뿌려준다.</p>```http://www.foodsafetykorea.go.kr/uploadimg/cook/20_00418_03.png```<p>3. 계란은 풀어서 팬에 스크램블을 만들어준다.</p>```http://www.foodsafetykorea.go.kr/uploadimg/cook/20_00418_04.png```<p>4. 마늘을 다진 후 마늘기름으로 칵테일 새우를\n볶아준다.</p>```http://www.foodsafetykorea.go.kr/uploadimg/cook/20_00418_05.png```<p>5. 볶아진 칵테일새우에 잘라준 채소를 넣어\n다시 볶아준다.</p>```http://www.foodsafetykorea.go.kr/uploadimg/cook/20_00418_06.png```<p>6. 여기에 밥을 넣어서 볶아주고 파인애플과\n맛간장, 통깨를 넣어서 볶아준다.</p>','2022-10-05 02:06:37.237875','2022-10-05 02:06:37.237905','http://www.foodsafetykorea.go.kr/uploadimg/cook/10_00418_1.png',0,13),(162,'연근초무침','http://www.foodsafetykorea.go.kr/uploadimg/cook/20_00419_01.png```<p>1. 양파는 채 썰어 물에 담가주고, 오이는 돌려\n깎기 해서 물에 담가준다.</p>```http://www.foodsafetykorea.go.kr/uploadimg/cook/20_00419_02.png```<p>2. 연근은 껍질을 까고 얇게 썰어서 식초 2방울을\n넣은 물에 데쳐준다.</p>```http://www.foodsafetykorea.go.kr/uploadimg/cook/20_00419_03.png```<p>3. 밤도 아주 얇게 썰어서 물에 담가준다.</p>```http://www.foodsafetykorea.go.kr/uploadimg/cook/20_00419_04.png```<p>4. 소스 재료를 모두 넣고 믹서에 간다.</p>```http://www.foodsafetykorea.go.kr/uploadimg/cook/20_00419_05.png```<p>5. 물에 데쳐낸 연근은 키친타월에 올려서 물기를\n완전히 제거한다.</p>```http://www.foodsafetykorea.go.kr/uploadimg/cook/20_00419_06.png```<p>6. 모든 재료를 넣고 소스에 버무려준다.</p>','2022-10-05 02:06:37.291009','2022-10-05 02:06:37.291038','http://www.foodsafetykorea.go.kr/uploadimg/cook/10_00419_1.png',0,13),(163,'코다리맑은찜','http://www.foodsafetykorea.go.kr/uploadimg/cook/20_00420_01.png```<p>1. 코다리는 어간장, 청주, 흰후추, 생강청에\n살짝 재워준다.</p>```http://www.foodsafetykorea.go.kr/uploadimg/cook/20_00420_02.png```<p>2. 함초는 손질해 잘라준다.</p>```http://www.foodsafetykorea.go.kr/uploadimg/cook/20_00420_03.png```<p>3. 무는 소금에 살짝 절여서 수분과 염분을\n제거해준다.</p>```http://www.foodsafetykorea.go.kr/uploadimg/cook/20_00420_04.png```<p>4. 무와 함초를 고루 섞어준다.</p>```http://www.foodsafetykorea.go.kr/uploadimg/cook/20_00420_05.png```<p>5. 미나리와 콩나물은 손질해준 후 찜기에 깔고\n코다리를 쪄준다.</p>```http://www.foodsafetykorea.go.kr/uploadimg/cook/20_00420_06.png```<p>6. 소스를 만든 뒤 채소를 깔고 코다리를 올리고\n미나리, 콩나물을 올려 완성한다.</p>','2022-10-05 02:06:37.326413','2022-10-05 02:06:37.326441','http://www.foodsafetykorea.go.kr/uploadimg/cook/10_00420_1.png',0,13),(164,'황태미역 곤약스프','http://www.foodsafetykorea.go.kr/uploadimg/cook/20_00640_1.png```<p>1. 된장에 두부를 넣고 골고루 섞는다.</p>```http://www.foodsafetykorea.go.kr/uploadimg/cook/20_00640_2.png```<p>2. 표고버섯과 마늘은 함께 갈아둔다.</p>```http://www.foodsafetykorea.go.kr/uploadimg/cook/20_00640_3.png```<p>3. 미역은 충분히 불린다.</p>```http://www.foodsafetykorea.go.kr/uploadimg/cook/20_00640_4.png```<p>4. 냄비에 황태채와 갈아둔 표고버섯,\n마늘을 넣고 은근히 끓여 육수를\n만든다.</p>```http://www.foodsafetykorea.go.kr/uploadimg/cook/20_00640_5.png```<p>5. 곤약은 납작납작하게 썰어 끓는 물에\n데친다.</p>```http://www.foodsafetykorea.go.kr/uploadimg/cook/20_00640_6.png```<p>6. 육수에서 황태를 건져 두부된장과 함께\n갈아 육수에 붓고, 미역, 곤약,\n들깨가루를 넣고 약 20분 정도 끓인 후\n액젓으로 간을 한다.</p>','2022-10-05 02:06:37.482250','2022-10-05 02:06:37.482283','http://www.foodsafetykorea.go.kr/uploadimg/cook/10_00640_1.png',0,13),(165,'훈제오리가슴살크러스트','http://www.foodsafetykorea.go.kr/uploadimg/cook/20_00642_1.png```<p>1. 훈제오리 가슴살은 올리브오일,\n로즈마리, 후춧가루로\n마리네이드한다.</p>```http://www.foodsafetykorea.go.kr/uploadimg/cook/20_00642_2.png```<p>2. 새송이버섯은 편으로 썰고 팬에\n굽는다.</p>```http://www.foodsafetykorea.go.kr/uploadimg/cook/20_00642_3.png```<p>3. 오렌지는 슬라이스로 썬다.</p>```http://www.foodsafetykorea.go.kr/uploadimg/cook/20_00642_4.png```<p>4. 땅콩과 파슬리는 입자있게 다진다.</p>```http://www.foodsafetykorea.go.kr/uploadimg/cook/20_00642_5.png```<p>5. 마리네이드한 오리 고기를 구워 접시에\n담는다.</p>```http://www.foodsafetykorea.go.kr/uploadimg/cook/20_00642_6.png```<p>6. 유자청에 땅콩, 파슬리가루를 넣고\n소스를 만들고, 구워진 오리고기\n사이에 오렌지 슬라이스를 넣고\n유자청소스를 올린다.</p>','2022-10-05 02:06:37.517399','2022-10-05 02:06:37.517429','http://www.foodsafetykorea.go.kr/uploadimg/cook/10_00642_1.png',0,13),(166,'훈제오리가슴살 샐러드','http://www.foodsafetykorea.go.kr/uploadimg/cook/20_00641_1.png```<p>1. 훈제오리 가슴살을 슬라이스한다.</p>```http://www.foodsafetykorea.go.kr/uploadimg/cook/20_00641_2.png```<p>2. 슬라이스한 훈제오리는 팬에 굽는다.</p>```http://www.foodsafetykorea.go.kr/uploadimg/cook/20_00641_3.png```<p>3. 양파는 채썰고 찬물에 담근 뒤 건진다.</p>```http://www.foodsafetykorea.go.kr/uploadimg/cook/20_00641_4.png```<p>4. 레디쉬는 채썰고 찬물에 담근 뒤\n건진다.</p>```http://www.foodsafetykorea.go.kr/uploadimg/cook/20_00641_5.png```<p>5. 먹기 직전에 발사믹소스를 만든다.</p>```http://www.foodsafetykorea.go.kr/uploadimg/cook/20_00641_6.png```<p>6. 접시에 훈제오리와 양파채, 레디쉬,\n블루베리를 담고 발사믹소스를\n올린다.</p>','2022-10-05 02:06:37.523090','2022-10-05 02:06:37.523118','http://www.foodsafetykorea.go.kr/uploadimg/cook/10_00641_1.png',0,13),(167,'뿌리채소두부선','http://www.foodsafetykorea.go.kr/uploadimg/cook/20_00421_01.png```<p>1. 두부는 물기를 꼭 짠 뒤 으깨어 전분, 계란과\n섞어준다.</p>```http://www.foodsafetykorea.go.kr/uploadimg/cook/20_00421_02.png```<p>2. 우엉, 인삼, 감자는 아주 곱게 채 썰어서 냉수에\n담가준다.</p>```http://www.foodsafetykorea.go.kr/uploadimg/cook/20_00421_03.png```<p>3. 볶아진 모든 채소를 각각 볶아서 한데 섞어\n준다.</p>```http://www.foodsafetykorea.go.kr/uploadimg/cook/20_00421_04.png```<p>4. 땅콩잼으로 소스를 만들어준다.</p>```http://www.foodsafetykorea.go.kr/uploadimg/cook/20_00421_05.png```<p>5. 김발을 깔고 비닐을 놓아 준 후 두부를 펴준다.</p>```http://www.foodsafetykorea.go.kr/uploadimg/cook/20_00421_06.png```<p>6. 볶아진 채소를 두부에 넣어주고 찜기에 쪄서\n식힌 뒤 한입 크기로 잘라준다.</p>','2022-10-05 02:06:37.560414','2022-10-05 02:06:37.560440','http://www.foodsafetykorea.go.kr/uploadimg/cook/10_00421_1.png',0,13),(168,'사과장아찌','http://www.foodsafetykorea.go.kr/uploadimg/cook/20_00422_01.png```<p>1. 사과는 8조각으로 잘라 씨를 제거한다.</p>```http://www.foodsafetykorea.go.kr/uploadimg/cook/20_00422_02.png```<p>2. 청고추, 홍고추는 어슷하게 잘라준다.</p>```http://www.foodsafetykorea.go.kr/uploadimg/cook/20_00422_03.png```<p>3. 양파도 먹기 좋은 크기로 잘라준다.</p>```http://www.foodsafetykorea.go.kr/uploadimg/cook/20_00422_04.png```<p>4. 사과는 식초 물에 살짝 절여준다.</p>```http://www.foodsafetykorea.go.kr/uploadimg/cook/20_00422_05.png```<p>5. 양념장을 만든다.</p>```http://www.foodsafetykorea.go.kr/uploadimg/cook/20_00422_06.png```<p>6. 양념장에 준비된 재료를 모두 섞어 완성한다.</p>','2022-10-05 02:06:37.624730','2022-10-05 02:06:37.624760','http://www.foodsafetykorea.go.kr/uploadimg/cook/10_00422_1.png',0,13),(169,'해물들깨탕','http://www.foodsafetykorea.go.kr/uploadimg/cook/20_00423_01.png```<p>1. 주꾸미, 전복, 칵테일새우는 각각 물에 데쳐서\n준비한다.</p>```http://www.foodsafetykorea.go.kr/uploadimg/cook/20_00423_02.png```<p>2. 이때 데치고 남은 물을 국물에 이용해주고\n여기에 청주를 넣어준다.</p>```http://www.foodsafetykorea.go.kr/uploadimg/cook/20_00423_03.png```<p>3. 양파, 청고추, 홍고추는 먹기좋게 썰어준다.</p>```http://www.foodsafetykorea.go.kr/uploadimg/cook/20_00423_04.png```<p>4. 계란을 황백으로 부쳐서 먹기좋게 썰어준다.</p>```http://www.foodsafetykorea.go.kr/uploadimg/cook/20_00423_05.png```<p>5. 만들어진 국물에 거피한 들깨가루와 국물재료를\n넣어 끓여서 준비한다.</p>```http://www.foodsafetykorea.go.kr/uploadimg/cook/20_00423_06.png```<p>6. 준비된 재료를 냄비에 넣고 국물을 부어 끓여\n완성한다.</p>','2022-10-05 02:06:37.736950','2022-10-05 02:06:37.736979','http://www.foodsafetykorea.go.kr/uploadimg/cook/10_00423_1.png',0,13),(170,'참외깍두기','http://www.foodsafetykorea.go.kr/uploadimg/cook/20_00424_01.png```<p>1. 참외는 껍질을 벗기고 반으로 잘라 속을\n파 준 후 먹기 좋게 잘라준다.</p>```http://www.foodsafetykorea.go.kr/uploadimg/cook/20_00424_02.png```<p>2. 청고추, 홍고추는 송송 잘라준다.</p>```http://www.foodsafetykorea.go.kr/uploadimg/cook/20_00424_03.png```<p>3. 양파와 미나리는 참외크기로 자르고, 대파는\n송송 자른다.</p>```http://www.foodsafetykorea.go.kr/uploadimg/cook/20_00424_04.png```<p>4. 참외, 양파를 저염 간장에 살짝 절여준다.</p>```http://www.foodsafetykorea.go.kr/uploadimg/cook/20_00424_05.png```<p>5. 절여진 채소에 고춧가루로 먼저 색을 입힌다.</p>```http://www.foodsafetykorea.go.kr/uploadimg/cook/20_00424_06.png```<p>6. 나머지 재료를 넣고 김치를 만든다.</p>','2022-10-05 02:06:37.754395','2022-10-05 02:06:37.754422','http://www.foodsafetykorea.go.kr/uploadimg/cook/10_00424_1.png',0,13),(171,'새콤한연어샐러드','http://www.foodsafetykorea.go.kr/uploadimg/cook/20_00425_01.png```<p>1. 연어는 얇게 모양을 살려 슬라이스 한 후\n정종에 소금을 섞어 분무기에 넣어 냉장고에\n넣어둔다.</p>```http://www.foodsafetykorea.go.kr/uploadimg/cook/20_00425_02.png```<p>2. 건조된 방울토마토는 올리브오일과 후추로\n양념하여 사용한다.</p>```http://www.foodsafetykorea.go.kr/uploadimg/cook/20_00425_03.png```<p>3. 양상추는 먹기 좋은 크기로 뜯어 어린잎과\n함께 찬물에 담가 물기를 제거한 후 사용한다.</p>```http://www.foodsafetykorea.go.kr/uploadimg/cook/20_00425_04.png```<p>4. 유자청과 감식초는 함께 섞어 믹서에 갈아\n드레싱소스를 완성한다.</p>```http://www.foodsafetykorea.go.kr/uploadimg/cook/20_00425_05.png```<p>5. 양파는 모양을 살려 얇게 슬라이스 하여\n찬물에 담가 물기를 제거한 뒤 사용한다.</p>```http://www.foodsafetykorea.go.kr/uploadimg/cook/20_00425_06.png```<p>6. 샐러드 접시에 준비된 모든 채소를 담고,\n연어는 장미 모양으로 접어서 보기좋게 담아\n드레싱 소스를 곁들여 완성한다.</p>','2022-10-05 02:06:37.764573','2022-10-05 02:06:37.764598','http://www.foodsafetykorea.go.kr/uploadimg/cook/10_00425_1.png',0,13),(172,'논우렁순무섞박지','http://www.foodsafetykorea.go.kr/uploadimg/cook/20_00426_01.png```<p>1. 콜라비는 껍질을 벗긴 후 저염간장에 30분\n정도 절여준다.</p>```http://www.foodsafetykorea.go.kr/uploadimg/cook/20_00426_02.png```<p>2. 우렁은 뜨거운 물에 데친 후 행군 뒤 물기를\n빼준다.</p>```http://www.foodsafetykorea.go.kr/uploadimg/cook/20_00426_03.png```<p>3. 미나리는 먹기 좋은 크기로 잘라준다.</p>```http://www.foodsafetykorea.go.kr/uploadimg/cook/20_00426_04.png```<p>4. 다진대파, 청홍고추, 양파는 송송 잘라준다.</p>```http://www.foodsafetykorea.go.kr/uploadimg/cook/20_00426_05.png```<p>5. 양념장에 콜라비부터 버무린 뒤 모든 재료를\n섞어서 완성한다.</p>','2022-10-05 02:06:37.765386','2022-10-05 02:06:37.765416','http://www.foodsafetykorea.go.kr/uploadimg/cook/10_00426_1.png',0,13),(173,'코다리맑은탕','http://www.foodsafetykorea.go.kr/uploadimg/cook/20_00427_01.png```<p>1. 코다리는 먹기 좋게 잘라서 물에 헹궈 물기를\n빼준다.</p>```http://www.foodsafetykorea.go.kr/uploadimg/cook/20_00427_02.png```<p>2. 감자와 무, 백일송이버섯, 미나리는 먹기 좋게\n썰어준다.</p>```http://www.foodsafetykorea.go.kr/uploadimg/cook/20_00427_03.png```<p>3. 양파, 청양고추도 먹기 좋게 썰어준다.</p>```http://www.foodsafetykorea.go.kr/uploadimg/cook/20_00427_04.png```<p>4. 냄비에 참기름을 넣어 코다리를 살짝 볶아준다.</p>```http://www.foodsafetykorea.go.kr/uploadimg/cook/20_00427_05.png```<p>5. 코다리를 볶은 냄비에 무, 감자, 국물 재료를\n넣고 충분히 끓인다.</p>```http://www.foodsafetykorea.go.kr/uploadimg/cook/20_00427_06.png```<p>6. 끓고 있는 국에 양파, 청양고추, 백일송이\n버섯을 올려 완성한다.</p>','2022-10-05 02:06:37.926775','2022-10-05 02:06:37.926834','http://www.foodsafetykorea.go.kr/uploadimg/cook/10_00427_1.png',0,13),(174,'세가지샐러드','http://www.foodsafetykorea.go.kr/uploadimg/cook/20_00530_1.png```<p>1. 연두부는 동글게 썰어 준비한다.</p>```http://www.foodsafetykorea.go.kr/uploadimg/cook/20_00530_2.png```<p>2. 호박은 갈라 씨를 제거 하고 껍질을\n벗겨 쪄서 작은 깍둑썰기로 썰어 준비\n한다.</p>```http://www.foodsafetykorea.go.kr/uploadimg/cook/20_00530_3.png```<p>3. 바나나와 파프리카 토마토는 호박과\n같은 크기의 작은 깍두기로 썰어 놓는다.</p>```http://www.foodsafetykorea.go.kr/uploadimg/cook/20_00530_4.png```<p>4. 닭고기살은 통후추를 넣고 약 20분 정도\n삶아 건져 작은 깍두기로 썰어 준비한다.</p>```http://www.foodsafetykorea.go.kr/uploadimg/cook/20_00530_5.png```<p>5. 마와 잣, 흑임자를 갈아 놓은 뒤 생크림,\n요거트, 식초, 올리브오일, 설탕을\n섞어 샐러드 소스를 만들어 놓는다.</p>```http://www.foodsafetykorea.go.kr/uploadimg/cook/20_00530_6.png```<p>6. 썰어 놓은 연두부 위에 호박 , 닭고기,\n토마토, 파프리카를 각각 올린 뒤 어린\n잎을 올리고 소스를 뿌려 완성한다.</p>','2022-10-05 02:06:38.023299','2022-10-05 02:06:38.023330','http://www.foodsafetykorea.go.kr/uploadimg/cook/10_00530_1.png',0,13),(175,'애호박들깨볶음','http://www.foodsafetykorea.go.kr/uploadimg/cook/20_00531_1.png```<p>1. 애호박은 반달 모양으로 썰어 준다.</p>```http://www.foodsafetykorea.go.kr/uploadimg/cook/20_00531_2.png```<p>2. 썰어 놓은 호박에 소금을 넣고 살짝\n절여 물기를 제거하고 준비한다.</p>```http://www.foodsafetykorea.go.kr/uploadimg/cook/20_00531_3.png```<p>3. 양파는 채를 썰고, 대파는 1/4로 자르고,\n홍고추는 어슷썰어 자연스럽게 씨를\n제거해 놓는다.</p>```http://www.foodsafetykorea.go.kr/uploadimg/cook/20_00531_4.png```<p>4. 팬에 들기름을 넣고, 마늘을 먼저\n볶는다.</p>```http://www.foodsafetykorea.go.kr/uploadimg/cook/20_00531_5.png```<p>5. 볶아진 팬에 건새우를 넣어 볶아준다.</p>```http://www.foodsafetykorea.go.kr/uploadimg/cook/20_00531_6.png```<p>6. 건새우가 볶아지면, 썰어 놓은 호박을\n넣어 볶다가 양파와 대파를 넣어\n볶으면서 들깨 가루와 넣어 살짝\n볶으면서 마지막에 썰어 놓은 홍고추를\n넣어 한 번만 더 볶아 완성한다.</p>','2022-10-05 02:06:38.059324','2022-10-05 02:06:38.059354','http://www.foodsafetykorea.go.kr/uploadimg/cook/10_00531_1.png',0,13),(176,'고구마바나나샐러드','http://www.foodsafetykorea.go.kr/uploadimg/cook/20_00532_1.png```<p>1. 고구마는 찜통에 약 20분 정도 쪄서\n껍질을 벗겨 준비한다.</p>```http://www.foodsafetykorea.go.kr/uploadimg/cook/20_00532_2.png```<p>2. 뜨거운 고구마가 한김 빠지면, 곱게\n으깨 놓는다.</p>```http://www.foodsafetykorea.go.kr/uploadimg/cook/20_00532_3.png```<p>3. 으깨진 고구마에 바나나를 썰어\n요거트와 함께 넣는다.</p>```http://www.foodsafetykorea.go.kr/uploadimg/cook/20_00532_4.png```<p>4. 3번에 다시 연유를 넣어 골고루 섞는다.</p>```http://www.foodsafetykorea.go.kr/uploadimg/cook/20_00532_5.png```<p>5. 잣은 종이를 깔고 곱게 다져 준비한다.</p>```http://www.foodsafetykorea.go.kr/uploadimg/cook/20_00532_6.png```<p>6. 어린잎은 물에 담그어, 건져 물기를\n제거해 놓고, 으깬 고구마에 다진 잣을\n넣어 샐러드를 완성한다.</p>','2022-10-05 02:06:38.067540','2022-10-05 02:06:38.067576','http://www.foodsafetykorea.go.kr/uploadimg/cook/10_00532_1.png',0,13),(177,'누룽지새우튀김','http://www.foodsafetykorea.go.kr/uploadimg/cook/20_00533_1.png```<p>1. 새우는 껍질을 제거하고 소금과\n후춧가루를 넣어 밑간을 해놓는다.</p>```http://www.foodsafetykorea.go.kr/uploadimg/cook/20_00533_2.png```<p>2. 어린잎은 찬물에 담그어 놓는다.</p>```http://www.foodsafetykorea.go.kr/uploadimg/cook/20_00533_3.png```<p>3. 튀김가루에 달걀을 넣어 잘 섞어\n튀김반죽을 만들어 놓는다.</p>```http://www.foodsafetykorea.go.kr/uploadimg/cook/20_00533_4.png```<p>4. 밑간을 해 놓은 새우를 튀김반죽에\n넣어 옷을 입힌다.</p>```http://www.foodsafetykorea.go.kr/uploadimg/cook/20_00533_5.png```<p>5. 누룽지는 170℃의 온도 튀김 기름에\n튀겨내고, 튀김옷 입힌 새우도 튀겨낸다.</p>```http://www.foodsafetykorea.go.kr/uploadimg/cook/20_00533_6.png```<p>6. 냄비에 오렌지주스와 설탕, 식초를\n넣어 은근히 졸여 소스를 만들고,\n어린잎은 찬물에 건져 물기를 제거하고\n접시에 깔고 튀긴 누룽지와 튀긴 새우를\n올려 완성한다.</p>','2022-10-05 02:06:38.079843','2022-10-05 02:06:38.079870','http://www.foodsafetykorea.go.kr/uploadimg/cook/10_00533_1.png',0,13),(178,'백김치주꾸미샐러드','http://www.foodsafetykorea.go.kr/uploadimg/cook/20_00534_1.png```<p>1. 백김치는 살짝 씻어 물기를 제거하고\n잘게 썰어 준비한다.</p>```http://www.foodsafetykorea.go.kr/uploadimg/cook/20_00534_2.png```<p>2. 양파와 마늘은 다지고 파는 채를 썰어\n놓는다.</p>```http://www.foodsafetykorea.go.kr/uploadimg/cook/20_00534_3.png```<p>3. 어린잎은 찬 물에 담그어 놓았다가,\n다시 소창에 건져 물기를 빼 놓는다.</p>```http://www.foodsafetykorea.go.kr/uploadimg/cook/20_00534_4.png```<p>4. 냄비에 물을 넣고, 양파와 파를 넣어\n끓이다가 준비한 쭈구미를 넣고\n부드럽게 데쳐 썰어 놓는다.</p>```http://www.foodsafetykorea.go.kr/uploadimg/cook/20_00534_5.png```<p>5. 식초와 간장, 설탕, 꿀, 레몬, 다진양파,\n다진마늘을 넣고 잘 섞어서 샐러드\n드레싱을 만든다.</p>```http://www.foodsafetykorea.go.kr/uploadimg/cook/20_00534_6.png```<p>6. 준비한 백김치(①)와 주꾸미(②)를\n섞은 후 양상추를 접시에 깔고, 그 위에\n섞어놓은 백김치와 주꾸미를 올리고,\n홍고추와 어린잎을 위에 장식으로 올린\n후 샐러드 소스를 뿌려 완성한다.</p>','2022-10-05 02:06:38.103426','2022-10-05 02:06:38.103449','http://www.foodsafetykorea.go.kr/uploadimg/cook/10_00534_1.png',0,13),(179,'닭고기월남쌈','http://www.foodsafetykorea.go.kr/uploadimg/cook/20_00535_1.png```<p>1. 닭고기살에 로즈마리를 뿌려 약 3시간\n이상 숙성을 시킨다.</p>```http://www.foodsafetykorea.go.kr/uploadimg/cook/20_00535_2.png```<p>2. 냄비에 물을 1/3쯤 넣고, 양파채를 썰어\n넣어 끓으면, 숙성된 닭고기살을 넣고\n약 20분 정도 삶아 건진다.</p>```http://www.foodsafetykorea.go.kr/uploadimg/cook/20_00535_3.png```<p>3. 삶아 건진 닭고기살을 한 김 빼고, 길게\n손으로 찢어 소금과 후춧가루에 살짝\n무치고, 오이와 파프리카는 씨를 제거\n하고 채를 썰고, 당근도 오이채의 길이에\n맞게 채를 썰어 준비해 놓는다.</p>```http://www.foodsafetykorea.go.kr/uploadimg/cook/20_00535_4.png```<p>4. 마늘을 다지고, 고춧가루와 설탕, 식초,\n레몬즙을 넣어 소스를 만든다.</p>```http://www.foodsafetykorea.go.kr/uploadimg/cook/20_00535_5.png```<p>5. 뜨거운 물에 라이스페이퍼를 살짝 넣어\n바로 건진다.</p>```http://www.foodsafetykorea.go.kr/uploadimg/cook/20_00535_6.png```<p>6. 건져 놓은 라이스페이퍼에 준비한\n닭고기살과 파프리카, 오이, 당근 넣고\n돌돌 말아, 녹말가루를 살짝 입혀, 팬에\n굴리듯 익혀 완성하고, 준비해 놓은\n소스와 함께 제공한다.</p>','2022-10-05 02:06:38.196941','2022-10-05 02:06:38.196972','http://www.foodsafetykorea.go.kr/uploadimg/cook/10_00535_1.png',0,13),(180,'간장소스를 곁들인 새우전복찜','http://www.foodsafetykorea.go.kr/uploadimg/cook/20_00643_1.png```<p>1. 전복은 수저로 떼어내어 소금으로 비벼\n깨끗이 씻는다.</p>```http://www.foodsafetykorea.go.kr/uploadimg/cook/20_00643_2.png```<p>2. 시금치는 데쳐 다지고, 새우는 껍질을\n벗겨 전복, 해초와 함께 다진다.</p>```http://www.foodsafetykorea.go.kr/uploadimg/cook/20_00643_3.png```<p>3. ?번을 잘 섞어 전복 껍질에 넣는다.</p>```http://www.foodsafetykorea.go.kr/uploadimg/cook/20_00643_4.png```<p>4. 찜통에 김이 오르면 속을 채운 전복\n껍질을 넣고 약 10분 정도 찐다.</p>```http://www.foodsafetykorea.go.kr/uploadimg/cook/20_00643_5.png```<p>5. 저염간장, 레몬, 설탕, 다진마늘을\n넣고 살짝 끓여 소스를 만든다.</p>```http://www.foodsafetykorea.go.kr/uploadimg/cook/20_00643_6.png```<p>6. 간장소스에 전분을 풀어 농도를\n맞추고, 전복찜에 여러번 바르고\n식용꽃을 올린다.</p>','2022-10-05 02:06:38.229408','2022-10-05 02:06:38.229437','http://www.foodsafetykorea.go.kr/uploadimg/cook/10_00643_1.png',0,13),(181,'양배추롤','http://www.foodsafetykorea.go.kr/uploadimg/cook/20_00536_1.png```<p>1. 닭고기살은 천일염과 후춧가루를 뿌려\n마리네이드를 해놓는다.</p>```http://www.foodsafetykorea.go.kr/uploadimg/cook/20_00536_2.png```<p>2. 양배추와 부추는 김이 오른 찜통에\n쪄서 식혀 놓는다.</p>```http://www.foodsafetykorea.go.kr/uploadimg/cook/20_00536_3.png```<p>3. 깻잎은 채를 썰고, 파프리카는 속을 제거\n하고 5cm 길이로 채를 썰고, 당근과\n양파도 같은 길이로 채를 썰어 놓는다.</p>```http://www.foodsafetykorea.go.kr/uploadimg/cook/20_00536_4.png```<p>4. 마리네이드를 해 놓은 닭고기살은 팬에\n기름을 두르고, 팬이 따끈해지면 앞뒤를\n돌려가며 정종을 살살 뿌려 닭고기살을\n굽고, 닭고기살이 익으면 살을 찢어 준비\n한다.</p>```http://www.foodsafetykorea.go.kr/uploadimg/cook/20_00536_5.png```<p>5. 요거트와 머스터드, 꿀 ,레몬즙, 설탕을\n넣고 고루 섞어 소스를 만들어 놓는다.</p>```http://www.foodsafetykorea.go.kr/uploadimg/cook/20_00536_6.png```<p>6. 쪄 놓은 양배추에 준비한 채소(③)와\n닭고기살(④)을 넣고, 돌돌 말아 쪄\n놓은 부추로 양배추를 묶어 완성하고,\n만들어 놓은 요거트 소스를 함께 제공\n한다.</p>','2022-10-05 02:06:38.287586','2022-10-05 02:06:38.287616','http://www.foodsafetykorea.go.kr/uploadimg/cook/10_00536_1.png',0,13),(182,'단호박소고기롤','http://www.foodsafetykorea.go.kr/uploadimg/cook/20_00537_1.png```<p>1. 단호박은 1/8 등분으로 갈라 속을\n파내고 찜통에서 약 15~20분 정도\n충분히 쪄낸다.</p>```http://www.foodsafetykorea.go.kr/uploadimg/cook/20_00537_2.png```<p>2. 소고기는 채를 썰어 마늘, 간장, 설탕에\n양념을 하고 팬에 볶아서 식힌다.</p>```http://www.foodsafetykorea.go.kr/uploadimg/cook/20_00537_3.png```<p>3. 파프리카와 오이, 적양배추는 채를\n썰고, 무순은 물에 잠시 담그어 놓고,\n사과는 채를 썰어 설탕물에 잠시 담그어\n놓고, 팽이버섯은 밑둥만 잘라 한 줌\n집기 좋은 크기로 준비해 놓는다.</p>```http://www.foodsafetykorea.go.kr/uploadimg/cook/20_00537_4.png```<p>4. 다진마늘과 다진 양파 ,올리브오일,\n설탕, 식초, 소금을 넣고, 골고루 섞어\n소스를 만들어 놓는다.</p>```http://www.foodsafetykorea.go.kr/uploadimg/cook/20_00537_5.png```<p>5. 쪄 낸 단호박은 껍질을 벗기고 채에\n곱게 내려 밀가루와 물, 소금을 조금\n섞어 단호박 반죽을 만들어 놓는다.</p>```http://www.foodsafetykorea.go.kr/uploadimg/cook/20_00537_6.png```<p>6. 팬에 올리브 오일을 바르고, 만들어\n놓은 단호박 반죽을 한 국자씩 떠 넣어,\n밀전병을 만들고, 밀전병이 익으면,\n한 김 식혀, 그 안에 소고기 볶음과\n채소를 넣어 돌돌 말아 소스와 함께\n완성한다.</p>','2022-10-05 02:06:38.293922','2022-10-05 02:06:38.293948','http://www.foodsafetykorea.go.kr/uploadimg/cook/10_00537_1.png',0,13),(183,'생선카레튀김','http://www.foodsafetykorea.go.kr/uploadimg/cook/20_00538_1.png```<p>1. 생선살에 생강즙과 정종을 넣고 약 30분\n정도 숙성을 시켜 비릿한 맛 제거 및 생선\n살의 탱탱함을 살려준다.</p>```http://www.foodsafetykorea.go.kr/uploadimg/cook/20_00538_2.png```<p>2. 콩가루와 밀가루, 카레가루, 녹말가루,\n달걀을 넣고 골고루 섞어 튀김 반죽을\n만들어 놓는다.</p>```http://www.foodsafetykorea.go.kr/uploadimg/cook/20_00538_3.png```<p>3. 깻잎은 반으로 접어 채를 썰어 물에\n잠시 담그어 놓는다.</p>```http://www.foodsafetykorea.go.kr/uploadimg/cook/20_00538_4.png```<p>4. 깻잎(③)은 물기를 제거하고\n튀김반죽(②)을 골고루 입힌다.</p>```http://www.foodsafetykorea.go.kr/uploadimg/cook/20_00538_5.png```<p>5. 숙성시킨 생선살(①)에 녹말가루를\n살짝 입히고 튀김 반죽(②)을 골고루\n입힌 뒤, 튀김반죽을 입힌 깻잎(④)을\n얹어 튀김 기름 170℃ 온도에 넣어\n약 2분 정도 튀겨 기름을 자연스럽게\n빼 놓는다.</p>```http://www.foodsafetykorea.go.kr/uploadimg/cook/20_00538_6.png```<p>6. 마요네즈와 요구르트, 설탕, 식초를\n넣어 골고루 섞어 튀김소스를 만들고,\n튀김을 접시에 담아 양상추와 함께 얹어\n완성한다.</p>','2022-10-05 02:06:38.328349','2022-10-05 02:06:38.328387','http://www.foodsafetykorea.go.kr/uploadimg/cook/10_00538_1.png',0,13),(184,'삼겹가지볶음','http://www.foodsafetykorea.go.kr/uploadimg/cook/20_00539_1.png```<p>1. 썰어 놓은 삼겹살에 생갑즙과 정종을\n넣고 약 2시간 정도 숙성을 시켜 준비\n한다.</p>```http://www.foodsafetykorea.go.kr/uploadimg/cook/20_00539_2.png```<p>2. 가지는 씨가 적은 것으로 골라 반으로\n갈라 어슷썰어 놓는다.</p>```http://www.foodsafetykorea.go.kr/uploadimg/cook/20_00539_3.png```<p>3. 양파와 깻잎은 채를 썰고, 당근은\n직사각형으로 썰고, 대파는 송송 썰고,\n느타리는 손으로 찢어 준비한다.</p>```http://www.foodsafetykorea.go.kr/uploadimg/cook/20_00539_4.png```<p>4. 고춧가루과 다진마늘, 간장, 올리고당,\n후춧가루, 설탕을 넣고 골고루 섞어\n양념장을 만든다.</p>```http://www.foodsafetykorea.go.kr/uploadimg/cook/20_00539_5.png```<p>5. 숙성시켜 놓은 삼겹살에 만들어 놓은\n양념장을 넣고 골고루 무쳐 놓는다.</p>```http://www.foodsafetykorea.go.kr/uploadimg/cook/20_00539_6.png```<p>6. 팬에 기름을 살짝 둘러 양념한 고기(⑤)\n를 먼저 볶은 후 고기가 중간쯤 익으면,\n가지(②)와 썰어 놓은 채소(③)를 넣어\n볶다가 마지막에 참기름과 잣을 넣고\n한 번 더 볶은 후 통깨를 올려 완성한다.</p>','2022-10-05 02:06:38.389793','2022-10-05 02:06:38.389822','http://www.foodsafetykorea.go.kr/uploadimg/cook/10_00539_1.png',0,13),(185,'주꾸미샐러드','http://www.foodsafetykorea.go.kr/uploadimg/cook/20_00540_1.png```<p>1. 끓는 물에 식초 한 방울을 떨어 뜨려\n주꾸미를 데쳐 한김 식혀 먹기 좋게\n썰어놓는다.</p>```http://www.foodsafetykorea.go.kr/uploadimg/cook/20_00540_2.png```<p>2. 끓는 물에 식초 한 방울을 떨어 뜨려\n주꾸미를 데쳐 한김 식혀먹기 좋게\n썰어놓는다.</p>```http://www.foodsafetykorea.go.kr/uploadimg/cook/20_00540_3.png```<p>3. 양상추는 손으로 뜯어, 찬물에 담그어\n놓는다.</p>```http://www.foodsafetykorea.go.kr/uploadimg/cook/20_00540_4.png```<p>4. 미나리는 약 4cm 길이로 썰고, 홍고추는\n어슷 썰어 씨를 살짝 제거하고 피망은\n씨를 제거하고 미나리와 비슷한 길이로\n썰어놓는다.</p>```http://www.foodsafetykorea.go.kr/uploadimg/cook/20_00540_5.png```<p>5. 강판에 곱게 간 배즙과 무즙에 와사비,\n설탕, 다진마늘, 식초, 소금을 넣어\n샐러드소스를 만든다.</p>```http://www.foodsafetykorea.go.kr/uploadimg/cook/20_00540_6.png```<p>6. 만들어 놓은 샐러드소스와 함께 썰어\n놓은 주꾸미(②)와 채소(③, ④)를 넣어\n먹기 직전에 버무려 완성한다.</p>','2022-10-05 02:06:38.502934','2022-10-05 02:06:38.502964','http://www.foodsafetykorea.go.kr/uploadimg/cook/10_00540_1.png',0,13),(186,'닭가슴살현미스테이크','http://www.foodsafetykorea.go.kr/uploadimg/cook/20_00541_1.png```<p>1. 닭가슴살에 칼을 1/3 쯤 넣고 양쪽으로\n포를 뜨고, 정종을 살짝 발라놓는다.</p>```http://www.foodsafetykorea.go.kr/uploadimg/cook/20_00541_2.png```<p>2. 포뜬 닭가슴살 위에 카레가루를 솔솔\n뿌려 숙성을 시킨다.</p>```http://www.foodsafetykorea.go.kr/uploadimg/cook/20_00541_3.png```<p>3. 현미쌀은 물에 충분히 불려, 물기를\n빼 놓고, 양배추와 적 양배추는 곱게\n채를 썰어 각각 찬물에 담그어 싱싱\n해 지면 건져 물기를 빼놓는다.</p>```http://www.foodsafetykorea.go.kr/uploadimg/cook/20_00541_4.png```<p>4. 냄비에 토마토소스를 끓이다가\n생크림을 넣고 살짝 한 번 더\n끓여놓는다.</p>```http://www.foodsafetykorea.go.kr/uploadimg/cook/20_00541_5.png```<p>5. 튀김기름에 온도가 약 170℃ 정도가\n되면, 불려 놓은 현미쌀의 물기를\n제거한 뒤 튀겨 기름을 제거해 놓는다.</p>```http://www.foodsafetykorea.go.kr/uploadimg/cook/20_00541_6.png```<p>6. 숙성된 닭가슴살(①)에 튀긴 현미쌀\n(⑤)을 앞뒤로 골고루 바르고 다시\n170℃ 온도의 튀김 기름에 약 3~5분\n정도 튀겨내고, 양배추와 적채를 깔고\n그 위에 튀겨진 닭가슴살을 올리고,\n토마토소스를 뿌려 완성한다.</p>','2022-10-05 02:06:38.578412','2022-10-06 10:36:00.168815','http://www.foodsafetykorea.go.kr/uploadimg/cook/10_00541_1.png',2,13),(187,'삼겹선','http://www.foodsafetykorea.go.kr/uploadimg/cook/20_00542_1.png```<p>1. 삼겹살에 소금, 후춧가루, 생강즙,\n정종을 넣고 약 30분 정도 숙성을 시킨다.</p>```http://www.foodsafetykorea.go.kr/uploadimg/cook/20_00542_2.png```<p>2. 조와 쌀은 물에 약 30분 정도 불려 밥을\n짓고, 밥이 다 익으면, 뚜껑을 열어 주걱\n으로 골고루 섞어 한 김을 빼 놓는다.</p>```http://www.foodsafetykorea.go.kr/uploadimg/cook/20_00542_3.png```<p>3. 파는 길게 채를 썰어 물에 담그어 파채가\n둥글게 말리도록 한다.</p>```http://www.foodsafetykorea.go.kr/uploadimg/cook/20_00542_4.png```<p>4. 설탕과 식초, 레몬, 소금, 고춧가루,\n매실액을 골고루 섞어 소스를 만들어\n놓는다.</p>```http://www.foodsafetykorea.go.kr/uploadimg/cook/20_00542_5.png```<p>5. 파프리카는 속을 제거하고 양파,\n당근, 파프리카를 양파와 같은 길이로\n채를 썰고, 새송이와 표고버섯은 살짝\n데쳐 채를 썰고, 깻잎도 채를 썰어\n놓는다.</p>```http://www.foodsafetykorea.go.kr/uploadimg/cook/20_00542_6.png```<p>6. 파프리카는 속을 제거하고 양파, 당근,\n파프리카를 양파와 같은 길이로 채를\n썰고, 새송이와 표고버섯은 살짝 데쳐\n채를 썰고, 깻잎도 채를 썰어 놓는다.</p>','2022-10-05 02:06:38.649735','2022-10-05 02:06:38.649766','http://www.foodsafetykorea.go.kr/uploadimg/cook/10_00542_1.png',0,13),(188,'미니버섯탕수','http://www.foodsafetykorea.go.kr/uploadimg/cook/20_00543_1.png```<p>1. 미니버섯을 깨끗이 씻어 소금을 살짝\n뿌려 놓는다.</p>```http://www.foodsafetykorea.go.kr/uploadimg/cook/20_00543_2.png```<p>2. 녹말가루에 물을 반쯤 넣고, 가만히\n가라앉혀 윗물은 따라 버리고, 딱딱한\n된녹말을 만들어 놓는다.</p>```http://www.foodsafetykorea.go.kr/uploadimg/cook/20_00543_3.png```<p>3. 브로컬리는 끓는 물에 데쳐 작게 썰고,\n오이는 반달로 썰고, 당근은 은행잎\n모양으로 썰어 준비하고, 파프리카는\n속씨를 제거하고, 삼각지게 썰어 준비\n한다.</p>```http://www.foodsafetykorea.go.kr/uploadimg/cook/20_00543_4.png```<p>4. 간장과 홍초, 설탕을 넣어 골고루 섞어\n탕수육소스를 만들어 놓는다.</p>```http://www.foodsafetykorea.go.kr/uploadimg/cook/20_00543_5.png```<p>5. 소금을 뿌려 놓은 미니 버섯에 만들어\n놓은 된 녹말과 달걀흰자를 넣어 골고\n루 섞는다.</p>```http://www.foodsafetykorea.go.kr/uploadimg/cook/20_00543_6.png```<p>6. 튀김 기름의 온도가 170~180℃가\n되면, 녹말 입힌 미니버섯을 바삭 하게\n튀겨 주고, 다시 팬에 만들어 놓은\n탕수육소스를 바글바글 끓이다가,\n썰어 놓은 채소를 넣고 살짝 익힌 후,\n물녹말을 한 숟가락 정도 넣어 끓인 후\n튀겨진 미니버섯 위에 올려 완성해 준다.</p>','2022-10-05 02:06:38.686067','2022-10-05 02:06:38.686095','http://www.foodsafetykorea.go.kr/uploadimg/cook/10_00543_1.png',0,13),(189,'연어오븐구이','http://www.foodsafetykorea.go.kr/uploadimg/cook/20_00571_1.png```<p>1. 연어는 소금, 후춧가루, 레몬으로\n마리네이드 한다.</p>```http://www.foodsafetykorea.go.kr/uploadimg/cook/20_00571_2.png```<p>2. 양파, 마늘은 입자있게 다진다.</p>```http://www.foodsafetykorea.go.kr/uploadimg/cook/20_00571_3.png```<p>3. 토마토는 씨를 제거하고 입자있게\n썰고, 파프리카, 피망은 채 썬 뒤\n볶는다.</p>```http://www.foodsafetykorea.go.kr/uploadimg/cook/20_00571_4.png```<p>4. 화이트크림, 생크림을 골고루 섞어\n크림소스를 만든다.</p>```http://www.foodsafetykorea.go.kr/uploadimg/cook/20_00571_5.png```<p>5. 팬에 버터를 넣고 양파, 마늘을 볶다가\n만들어 놓은 크림소스를 넣고 졸인다.</p>```http://www.foodsafetykorea.go.kr/uploadimg/cook/20_00571_6.png```<p>6. 접시에 볶은 야채를 담고, 200℃\n오븐에서 10분 정도 구운 연어를 담은\n뒤 크림소스를 올린다.</p>','2022-10-05 02:06:38.738693','2022-10-05 02:06:38.738723','http://www.foodsafetykorea.go.kr/uploadimg/cook/10_00571_1.png',0,13),(190,'옥음밥','http://www.foodsafetykorea.go.kr/uploadimg/cook/20_00572_1.png```<p>1. 쌀은 깨끗이 씻어 30분 이상 불려 밥을\n지어 식힌다.</p>```http://www.foodsafetykorea.go.kr/uploadimg/cook/20_00572_2.png```<p>2. 옥수수콘은 체에 걸러 물기를 뺀다.</p>```http://www.foodsafetykorea.go.kr/uploadimg/cook/20_00572_3.png```<p>3. 양파, 애호박, 당근, 양파 및\n새송이버섯은 옥수수콘 크기로 썰고\n마늘은 다진다.</p>```http://www.foodsafetykorea.go.kr/uploadimg/cook/20_00572_4.png```<p>4. 팬에 기름을 두르고 야채를 먼저\n볶는다.</p>```http://www.foodsafetykorea.go.kr/uploadimg/cook/20_00572_5.png```<p>5. 볶은 야채에 식혀놓은 밥을 넣고\n볶다가 저염간장, 후춧가루로 간을\n하고 옥수수콘을 넣고 살짝 볶는다.</p>```http://www.foodsafetykorea.go.kr/uploadimg/cook/20_00572_6.png```<p>6. 팬에 기름을 자작하게 넣고,\n라이스페이퍼를 둥글게 넣고 튀겨\n그릇에 담은 뒤 볶음밥을 담는다</p>','2022-10-05 02:06:38.763737','2022-10-05 02:06:38.763765','http://www.foodsafetykorea.go.kr/uploadimg/cook/10_00572_1.png',0,13),(191,'와사비 연어초밥','http://www.foodsafetykorea.go.kr/uploadimg/cook/20_00573_1.png```<p>1. 연어는 끝을 뾰족하게 살려\n슬라이스한다.</p>```http://www.foodsafetykorea.go.kr/uploadimg/cook/20_00573_2.png```<p>2. 쌀은 깨끗이 씻어 30분 이상 불려 밥을\n지어 식힌다.</p>```http://www.foodsafetykorea.go.kr/uploadimg/cook/20_00573_3.png```<p>3. 냄비에 식초, 설탕, 소금 약간과 물을\n동량으로 넣고 끓인 뒤 식혀 촛물을\n만들어 밥에 넣고 골고루 섞는다.</p>```http://www.foodsafetykorea.go.kr/uploadimg/cook/20_00573_4.png```<p>4. 당근과 표고버섯은 입자있게 다져 살짝\n볶아 식혀놓은 초밥에 넣고 잘\n섞어준다.</p>```http://www.foodsafetykorea.go.kr/uploadimg/cook/20_00573_5.png```<p>5. 와사비 가루에 30℃정도의 물을 넣고\n섞은 뒤 발효 시키고, 초밥 형태를\n만들어 그 위에 와사비를 바르고\n연어를 올린 후 접시에 담는다</p>```http://www.foodsafetykorea.go.kr/uploadimg/cook/20_00573_6.png```<p>6. 새싹과 파슬리는 찬물에 담았다 건져\n물기를 빼고, 연어 초밥 옆에 올린다.</p>','2022-10-05 02:06:38.814824','2022-10-05 23:11:13.889783','http://www.foodsafetykorea.go.kr/uploadimg/cook/10_00573_1.png',3,13),(192,'원소병','http://www.foodsafetykorea.go.kr/uploadimg/cook/20_00574_1.png```<p>1. 찹쌀가루는 체에 내려 2등분한다.</p>```http://www.foodsafetykorea.go.kr/uploadimg/cook/20_00574_2.png```<p>2. 찹쌀가루는 오미자와 치자를 우린\n뜨거운 물로 익반죽하여 비닐봉투에\n담아 숙성시킨다</p>```http://www.foodsafetykorea.go.kr/uploadimg/cook/20_00574_3.png```<p>3. 대추는 씨를 발라내 곱게 다지고 귤병,\n유자청, 꿀을 섞어 원소병 소를 만든다.</p>```http://www.foodsafetykorea.go.kr/uploadimg/cook/20_00574_4.png```<p>4. 굴병과 꿀을 섞어 원소병 소를\n준비한다.</p>```http://www.foodsafetykorea.go.kr/uploadimg/cook/20_00574_5.png```<p>5. 익반죽을 지름 3cm 크기로 동그랗게\n만들고 안에 소를 넣어 다시 동그랗게\n만든다</p>```http://www.foodsafetykorea.go.kr/uploadimg/cook/20_00574_6.png```<p>6. 녹말가루를 입혀 끓는 물에 넣은 뒤\n떠오르면 건져 찬물에 헹궈 물기를\n빼고 그릇에 담아 꿀물을 붓고 잣을\n올린다.</p>','2022-10-05 02:06:38.827536','2022-10-06 16:05:52.225429','http://www.foodsafetykorea.go.kr/uploadimg/cook/10_00574_1.png',1,13),(193,'음메꼬꼬돌돌','http://www.foodsafetykorea.go.kr/uploadimg/cook/20_00575_1.png```<p>1. 소고기는 넓게 펴서 소금, 후춧가루로\n밑간을 하고 굽는다.</p>```http://www.foodsafetykorea.go.kr/uploadimg/cook/20_00575_2.png```<p>2. 닭가슴살은 소금, 후춧가루로 밑간을\n하여 굽고 길이대로 썬다.</p>```http://www.foodsafetykorea.go.kr/uploadimg/cook/20_00575_3.png```<p>3. 미나리는 끓는 물에 넣고 데쳐 찬물에\n헹군다.</p>```http://www.foodsafetykorea.go.kr/uploadimg/cook/20_00575_4.png```<p>4. 홍고추는 씨를 제거 하고 길게 썰어\n준비한다.</p>```http://www.foodsafetykorea.go.kr/uploadimg/cook/20_00575_5.png```<p>5. 달걀은 황백으로 나눠 지단을 부쳐\n길게 썰어 놓는다</p>```http://www.foodsafetykorea.go.kr/uploadimg/cook/20_00575_6.png```<p>6. 밑간한 소고기와 닭살 에 찹쌀가루를\n뭍혀 홍고추와 달걀 황백지단을 넣어\n돌돌 말아 미나리로 띠를 둘러 팬에\n기름을 살짝 둘러 익힌다.</p>','2022-10-05 02:06:38.953482','2022-10-05 02:06:38.953555','http://www.foodsafetykorea.go.kr/uploadimg/cook/10_00575_1.png',0,13),(194,'전복리조또','http://www.foodsafetykorea.go.kr/uploadimg/cook/20_00576_1.png```<p>1. 쌀은 깨끗이 씻어 30분 정도 불린다</p>```http://www.foodsafetykorea.go.kr/uploadimg/cook/20_00576_2.png```<p>2. 전복은 수저로 떼어 내어 소금으로\n세척한다.</p>```http://www.foodsafetykorea.go.kr/uploadimg/cook/20_00576_3.png```<p>3. 준비된 전복에 버터를 두르고 굽는다</p>```http://www.foodsafetykorea.go.kr/uploadimg/cook/20_00576_4.png```<p>4. 당근. 양파 . 양송이는 입자 있게\n다진다.</p>```http://www.foodsafetykorea.go.kr/uploadimg/cook/20_00576_5.png```<p>5. 냄비에 올리브 오일을 넣고 불린 쌀을\n볶는다.</p>```http://www.foodsafetykorea.go.kr/uploadimg/cook/20_00576_6.png```<p>6. 쌀이 어느 정도 볶아지면 다져 놓은\n야채를 넣어 볶다가 우유를 넣어\n끓이고, 쌀이 퍼지면 구워 놓은 전복을\n넣어 다시 끓인다.</p>','2022-10-05 02:06:39.022107','2022-10-05 02:06:39.022135','http://www.foodsafetykorea.go.kr/uploadimg/cook/10_00576_1.png',0,13),(195,'참깨흑임 자연두부샐러드','http://www.foodsafetykorea.go.kr/uploadimg/cook/20_00577_1.png```<p>1. 참깨와 흑임자를 섞어 곱게 간다.</p>```http://www.foodsafetykorea.go.kr/uploadimg/cook/20_00577_2.png```<p>2. 갈아 놓은 참깨와 흑임자에 설탕과\n식초를 넣고 섞는다.</p>```http://www.foodsafetykorea.go.kr/uploadimg/cook/20_00577_3.png```<p>3. 2번에 우유와 마요네즈를 넣고 골고루\n섞어 참깨 흑임자 드레싱을 만든다.</p>```http://www.foodsafetykorea.go.kr/uploadimg/cook/20_00577_4.png```<p>4. 연두부는 동그랗게 자른다.</p>```http://www.foodsafetykorea.go.kr/uploadimg/cook/20_00577_5.png```<p>5. 파프리카는 채 썬다.</p>```http://www.foodsafetykorea.go.kr/uploadimg/cook/20_00577_6.png```<p>6. 접시에 드레싱, 연두부, 파프리카,\n무순, 날치알 순으로 올린다.</p>','2022-10-05 02:06:39.027862','2022-10-05 02:06:39.027892','http://www.foodsafetykorea.go.kr/uploadimg/cook/10_00577_1.png',0,13),(196,'초계탕','http://www.foodsafetykorea.go.kr/uploadimg/cook/20_00578_1.png```<p>1. 냄비에 마늘과 대파를 넣고 끓이다가\n닭다리를 넣고 삶는다</p>```http://www.foodsafetykorea.go.kr/uploadimg/cook/20_00578_2.png```<p>2. 닭을 삶아 놓은 육수는 걸러 기름을\n제거 하고 차갑게 식힌다.</p>```http://www.foodsafetykorea.go.kr/uploadimg/cook/20_00578_3.png```<p>3. 삶아 놓은 닭고기는 결대로 찢는다.</p>```http://www.foodsafetykorea.go.kr/uploadimg/cook/20_00578_4.png```<p>4. 양파, 오이와 파프리카는 채썬다</p>```http://www.foodsafetykorea.go.kr/uploadimg/cook/20_00578_5.png```<p>5. 적채는 채를 썰어 찬물에 담궈 건져\n물기를 빼 놓는다.</p>```http://www.foodsafetykorea.go.kr/uploadimg/cook/20_00578_6.png```<p>6. 차갑게 걸러 놓은 닭 육수에 발효된\n겨자와 소금 .설탕, 식초를 넣어 육수\n간을 하고, 그릇에 닭살과 오이 적채,\n파프리카 양파를 올려 차가운 육수를\n넣어 완성한다.</p>','2022-10-05 02:06:39.045823','2022-10-05 02:06:39.045849','http://www.foodsafetykorea.go.kr/uploadimg/cook/10_00578_1.png',0,13),(197,'콩나물부추볶음','http://www.foodsafetykorea.go.kr/uploadimg/cook/20_00579_1.png```<p>1. 감자는 채를 썰어 물에 담궈 전분을\n제거하고, 양파와 당근 파는 채를 썬다.</p>```http://www.foodsafetykorea.go.kr/uploadimg/cook/20_00579_2.png```<p>2. 콩나물은 머리와 꼬리를 손질한다</p>```http://www.foodsafetykorea.go.kr/uploadimg/cook/20_00579_3.png```<p>3. 물이 끓으면 손질한 콩나물을 넣는다.</p>```http://www.foodsafetykorea.go.kr/uploadimg/cook/20_00579_4.png```<p>4. 콩나물이 익으면 체에 건져 찬물에\n헹군다.</p>```http://www.foodsafetykorea.go.kr/uploadimg/cook/20_00579_5.png```<p>5. 부추는 약 6cm 길이로 썬다.</p>```http://www.foodsafetykorea.go.kr/uploadimg/cook/20_00579_6.png```<p>6. 팬에 기름을 두르고 콩나물을 넣고\n살짝 볶다가 썰어 놓은 야채를 넣고\n볶으면서 소금 간을 하고 마지막에\n부추를 넣고</p>','2022-10-05 02:06:39.051007','2022-10-05 02:06:39.051036','http://www.foodsafetykorea.go.kr/uploadimg/cook/10_00579_1.png',0,13),(198,'콩비지포카치아 샌드위치','http://www.foodsafetykorea.go.kr/uploadimg/cook/20_00580_1.png```<p>1. 비지는 살짝 데쳐 물기를 뺀다.</p>```http://www.foodsafetykorea.go.kr/uploadimg/cook/20_00580_2.png```<p>2. 무장아찌는 잘게 다져 비지에 골고루\n섞어 소스를 만든다.</p>```http://www.foodsafetykorea.go.kr/uploadimg/cook/20_00580_3.png```<p>3. 토마토는 슬라이스로 썰어 팬에 오일을\n두르고 익힌다.</p>```http://www.foodsafetykorea.go.kr/uploadimg/cook/20_00580_4.png```<p>4. 포카치아빵은 반으로 갈라 비지소스를\n바른다.</p>```http://www.foodsafetykorea.go.kr/uploadimg/cook/20_00580_5.png```<p>5. 생치즈는 동그랗게 원형으로 찍어,\n비지를 바른 빵에 구운 토마토와 함께\n올리고, 다시 그 위에 비지를 올려\n접시에 담는다.</p>```http://www.foodsafetykorea.go.kr/uploadimg/cook/20_00580_6.png```<p>6. 루꼴라는 찬물에 담궈 건져 포카치아빵\n옆에 함께 놓는다</p>','2022-10-05 02:06:39.086302','2022-10-06 22:34:42.432877','http://www.foodsafetykorea.go.kr/uploadimg/cook/10_00580_1.png',1,13),(199,'파프리카더덕소고기깻잎롤','http://www.foodsafetykorea.go.kr/uploadimg/cook/20_00581_1.png```<p>1. 소고기는 후춧가루, 올리브오일로\n밑간을 한다.</p>```http://www.foodsafetykorea.go.kr/uploadimg/cook/20_00581_2.png```<p>2. 더덕은 칼로 껍질을 돌려 깎고,\n파프리카, 아스파라거스와 함께\n가늘게 채썬다.</p>```http://www.foodsafetykorea.go.kr/uploadimg/cook/20_00581_3.png```<p>3. 파인애플, 양파, 당근, 대파는 채썬다.</p>```http://www.foodsafetykorea.go.kr/uploadimg/cook/20_00581_4.png```<p>4. 밑간한 고기를 팬에 굽는다.</p>```http://www.foodsafetykorea.go.kr/uploadimg/cook/20_00581_5.png```<p>5. 따로 갈아 놓은 파인애플과 레몬즙\n꿀을 섞어 드레싱을 만는다</p>```http://www.foodsafetykorea.go.kr/uploadimg/cook/20_00581_6.png```<p>6. 구워 놓은 고기에 더덕과 파인애플\n아스파라거스 깻잎을 넣어 돌돌 말고,\n팬에 발사믹 소스를 끓인 뒤 말아 놓은\n소고기롤을 넣어 졸인다.</p>','2022-10-05 02:06:39.276018','2022-10-05 02:06:39.276049','http://www.foodsafetykorea.go.kr/uploadimg/cook/10_00581_1.png',0,13),(200,'해물아란치니','http://www.foodsafetykorea.go.kr/uploadimg/cook/20_00582_1.png```<p>1. 새우는 껍질을 벗겨 다진다.</p>```http://www.foodsafetykorea.go.kr/uploadimg/cook/20_00582_2.png```<p>2. 오징어는 썰어서 다진다.</p>```http://www.foodsafetykorea.go.kr/uploadimg/cook/20_00582_3.png```<p>3. 양파, 샐러리, 마늘은 다져 팬에 볶아\n식힌다.</p>```http://www.foodsafetykorea.go.kr/uploadimg/cook/20_00582_4.png```<p>4. 토마토는 껍질을 벗겨 다진다.</p>```http://www.foodsafetykorea.go.kr/uploadimg/cook/20_00582_5.png```<p>5. 다진 토마토를 팬에 볶다가 다진\n새우와 오징어, 밥을 넣어 볶고, 3번을\n넣고 볶아 동그랗게 모양을 만든다</p>```http://www.foodsafetykorea.go.kr/uploadimg/cook/20_00582_6.png```<p>6. 동그란 밥에 레몬을 섞은 달걀노른자를\n묻히고 빵가루 옷을 입혀 팬에 기름을\n둘러 굴려가며 익힌 후 접시에 담고\n어린잎을 올린다.</p>','2022-10-05 02:06:39.283845','2022-10-05 02:06:39.283872','http://www.foodsafetykorea.go.kr/uploadimg/cook/10_00582_1.png',0,13),(201,'호박잎삼계','http://www.foodsafetykorea.go.kr/uploadimg/cook/20_00583_1.png```<p>1. 닭고기는 넓게 펴 소금, 후추로 밑간을\n한다.</p>```http://www.foodsafetykorea.go.kr/uploadimg/cook/20_00583_2.png```<p>2. 찹쌀은 깨끗이 씻어 밥을 짓는다</p>```http://www.foodsafetykorea.go.kr/uploadimg/cook/20_00583_3.png```<p>3. 인삼은 뇌두를 제거 하고 깨끗이 씻어\n길게 썬다.</p>```http://www.foodsafetykorea.go.kr/uploadimg/cook/20_00583_4.png```<p>4. 미나리는 데쳐 찬물에 헹구고, 대추는\n씨를 제거하고 채를 썬다.</p>```http://www.foodsafetykorea.go.kr/uploadimg/cook/20_00583_5.png```<p>5. 호박잎은 끓는 물에 데쳐 찬물에\n식힌다.</p>```http://www.foodsafetykorea.go.kr/uploadimg/cook/20_00583_6.png```<p>6. 데친 호박잎에 밑간한 닭고기와\n찹쌀밥을 올리고 그 위에 인삼, 데친\n미나리, 대추를 올려 돌돌 말아 찜통에\n찐 뒤 먹기 좋게 썬다.</p>','2022-10-05 02:06:39.287027','2022-10-05 02:06:39.287051','http://www.foodsafetykorea.go.kr/uploadimg/cook/10_00583_1.png',0,13),(202,'노른자크림 육회샐러드','http://www.foodsafetykorea.go.kr/uploadimg/cook/20_00584_1.png```<p>1. 소고기는 홍두깨살로 준비해서\n0.3mm 두께로 썰고, 배는 껍질을 벗겨\n채 썰어 설탕을 뿌린다.</p>```http://www.foodsafetykorea.go.kr/uploadimg/cook/20_00584_2.png```<p>2. 끓는 물에 소금을 넣고 두릅을 데친 후\n찬물에 헹구어 건진다.</p>```http://www.foodsafetykorea.go.kr/uploadimg/cook/20_00584_3.png```<p>3. 소금과 설탕, 다진 마늘을 넣고 소고기\n육회 양념장을 만든다.</p>```http://www.foodsafetykorea.go.kr/uploadimg/cook/20_00584_4.png```<p>4. 삶은 달걀노른자와 크림치즈, 레몬을\n섞어 짤주머니에 담는다.</p>```http://www.foodsafetykorea.go.kr/uploadimg/cook/20_00584_5.png```<p>5. 숙성이 잘된 아보카도는 강판에 갈아\n준비한다.</p>```http://www.foodsafetykorea.go.kr/uploadimg/cook/20_00584_6.png```<p>6. 접시에 양념한 육회와 두릅을 담고 그\n위에 배를 올리고, 달걀크림과\n아보카도를 짜서 올린다</p>','2022-10-05 02:06:39.293183','2022-10-05 02:06:39.293211','http://www.foodsafetykorea.go.kr/uploadimg/cook/10_00584_1.png',0,13),(203,'닭고기 완자삼계죽','http://www.foodsafetykorea.go.kr/uploadimg/cook/20_00585_1.png```<p>1. 닭은 깨끗이 씻고 포를 뜬다.</p>```http://www.foodsafetykorea.go.kr/uploadimg/cook/20_00585_2.png```<p>2. 닭고기는 15분 정도 삶아 식으면 곱게\n다져 다진 마늘, 대파, 저염간장을 넣고\n완자를 만든다.</p>```http://www.foodsafetykorea.go.kr/uploadimg/cook/20_00585_3.png```<p>3. 인삼은 뇌두를 제거하고 깨끗이\n씻는다.</p>```http://www.foodsafetykorea.go.kr/uploadimg/cook/20_00585_4.png```<p>4. 찹쌀은 약 30분 정도 충분히 불린다</p>```http://www.foodsafetykorea.go.kr/uploadimg/cook/20_00585_5.png```<p>5. 대추는 소금물에 깨끗이 씻고 씨를\n제거한다.</p>```http://www.foodsafetykorea.go.kr/uploadimg/cook/20_00585_6.png```<p>6. 믹서에 인삼과 대추, 불린 찹쌀, 물을\n정도 넣고 곱게 간 뒤, 냄비에 담아 죽을\n쑤다가 다 익으면 만들어 놓은 완자를\n넣고 한소끔 더 끓인다.</p>','2022-10-05 02:06:39.299371','2022-10-06 16:53:22.419984','http://www.foodsafetykorea.go.kr/uploadimg/cook/10_00585_1.png',3,13),(204,'대하 마늘볶음밥','http://www.foodsafetykorea.go.kr/uploadimg/cook/20_00586_1.png```<p>1. 새우는 내장을 제거하고 껍질을 벗겨\n깨끗이 씻는다.</p>```http://www.foodsafetykorea.go.kr/uploadimg/cook/20_00586_2.png```<p>2. 찜기에 새우를 넣고, 파채와 생강,\n마늘을 올려 김이 오른 찜통에서 약 5분\n정도 쪄낸다.</p>```http://www.foodsafetykorea.go.kr/uploadimg/cook/20_00586_3.png```<p>3. 당근, 양파, 파는 다진다</p>```http://www.foodsafetykorea.go.kr/uploadimg/cook/20_00586_4.png```<p>4. 당근, 양파, 마늘은 다지고 숙주는\n꼬리를 다듬는다</p>```http://www.foodsafetykorea.go.kr/uploadimg/cook/20_00586_5.png```<p>5. 다듬어진 숙주는 끓는 물에 살짝\n데친다.</p>```http://www.foodsafetykorea.go.kr/uploadimg/cook/20_00586_6.png```<p>6. 팬에 기름을 두르고 야채와 마늘을\n넣고 볶다가 밥과 쪄 놓은 새우,\n간장소스를 넣고 보슬보슬하게\n볶는다.</p>','2022-10-05 02:06:39.334657','2022-10-05 02:06:39.334687','http://www.foodsafetykorea.go.kr/uploadimg/cook/10_00586_1.png',0,13),(205,'두부 카프리제','http://www.foodsafetykorea.go.kr/uploadimg/cook/20_00587_1.png```<p>1. 토마토는 깨끗이 씻어 슬라이스한다.</p>```http://www.foodsafetykorea.go.kr/uploadimg/cook/20_00587_2.png```<p>2. 두부는 원형틀을 이용해서 토마토와\n같은 크기로 만들고 소금을 살짝 뿌린\n뒤 물기를 제거한다.</p>```http://www.foodsafetykorea.go.kr/uploadimg/cook/20_00587_3.png```<p>3. 팬에 올리브오일을 두르고 두부를 살짝\n굽는다.</p>```http://www.foodsafetykorea.go.kr/uploadimg/cook/20_00587_4.png```<p>4. 어린잎은 찬물에 담근다.</p>```http://www.foodsafetykorea.go.kr/uploadimg/cook/20_00587_5.png```<p>5. 발사믹소스에 설탕과 레몬즙을 넣고\n골고루 섞어 소스를 만든다.</p>```http://www.foodsafetykorea.go.kr/uploadimg/cook/20_00587_6.png```<p>6. 두부와 준비한 토마토를 접시에 돌려\n담고 어린잎을 위에 올린 뒤 먹기\n직전에 발사믹소스와 파마산치즈를\n뿌려 완성한다.</p>','2022-10-05 02:06:39.463958','2022-10-05 13:44:09.401943','http://www.foodsafetykorea.go.kr/uploadimg/cook/10_00587_1.png',1,13),(206,'미역볶음밥','http://www.foodsafetykorea.go.kr/uploadimg/cook/20_00217_1.png```<p>1. 쌀과 다시마를 넣고 쌀과 동량의\n물을 부어 밥을 고슬고슬하게\n짓는다.</p>```http://www.foodsafetykorea.go.kr/uploadimg/cook/20_00217_2.png```<p>2. 양파는 굵게 다지고, 쪽파와 고추는\n송송 썰고, 오징어와 주꾸미는 먹기\n좋은 크기로 썬다.</p>```http://www.foodsafetykorea.go.kr/uploadimg/cook/20_00217_3.png```<p>3. 달군 팬에 들기름을 두르고 다진\n마늘을 볶아 향을 낸다.</p>```http://www.foodsafetykorea.go.kr/uploadimg/cook/20_00217_4.png```<p>4. 미역을 넣고 볶다가 손질해둔\n오징어, 주꾸미, 새우살, 양파를 넣어\n볶는다.</p>```http://www.foodsafetykorea.go.kr/uploadimg/cook/20_00217_5.png```<p>5. 밥을 넣고 소금을 넣어 볶다가\n들깻가루를 넣어 볶는다.</p>```http://www.foodsafetykorea.go.kr/uploadimg/cook/20_00217_6.png```<p>6. 송송 썬 쪽파와 청양고추, 붉은\n고추를 넣어 조금 더 볶아\n마무리한다.</p>','2022-10-05 02:06:39.523090','2022-10-05 02:06:39.523117','http://www.foodsafetykorea.go.kr/uploadimg/cook/10_00217_1.png',0,13),(207,'검은콩국수','http://www.foodsafetykorea.go.kr/uploadimg/cook/20_00644_1.png```<p>1. 검은콩은 깨끗이 씻어 약 12시간 정도\n충분히 불린다.</p>```http://www.foodsafetykorea.go.kr/uploadimg/cook/20_00644_2.png```<p>2. 불린 검은콩은 20분 정도 삶아 깨끗이\n씻는다.</p>```http://www.foodsafetykorea.go.kr/uploadimg/cook/20_00644_3.png```<p>3. 삶은 검은콩은 믹서기에 곱게 갈아\n차갑게 식힌다.</p>```http://www.foodsafetykorea.go.kr/uploadimg/cook/20_00644_4.png```<p>4. 오이는 씨를 제거하고 깨끗이 씻어\n채썬다.</p>```http://www.foodsafetykorea.go.kr/uploadimg/cook/20_00644_5.png```<p>5. 물을 끓여 메밀면을 삶고, 찬물에\n여러번 헹구어 건져 물기를 뺀다.</p>```http://www.foodsafetykorea.go.kr/uploadimg/cook/20_00644_6.png```<p>6. 메밀면을 그릇에 담고 차가운 콩 국물,\n땅콩, 잣, 오이, 방울토마토 및 통깨를\n올린다.</p>','2022-10-05 02:06:39.526869','2022-10-05 02:06:39.526893','http://www.foodsafetykorea.go.kr/uploadimg/cook/10_00644_1.png',0,13),(208,'겨자소스로 구운 산마샐러드','http://www.foodsafetykorea.go.kr/uploadimg/cook/20_00645_1.png```<p>1. 어린잎은 찬물에 담근다.</p>```http://www.foodsafetykorea.go.kr/uploadimg/cook/20_00645_2.png```<p>2. 마는 껍질을 벗겨 동글동글하게 썬다</p>```http://www.foodsafetykorea.go.kr/uploadimg/cook/20_00645_3.png```<p>3. 썰어 놓은 마는 팬에 기름을 살짝\n두르고 앞뒤로 굽는다.</p>```http://www.foodsafetykorea.go.kr/uploadimg/cook/20_00645_4.png```<p>4. 참나물, 돈나물, 토마토, 레디쉬는\n먹기 좋은 크기로 썬다.</p>```http://www.foodsafetykorea.go.kr/uploadimg/cook/20_00645_5.png```<p>5. 겨자가루는 30℃ 물을 섞어 발효\n시킨다.</p>```http://www.foodsafetykorea.go.kr/uploadimg/cook/20_00645_6.png```<p>6. 저염간장에 식초, 설탕, 발효겨자를\n넣고 골고루 섞어 소스를 만들고,\n접시에 구운 마와 손질한 야채를 넣고\n만들어 놓은 소스와 어린잎을 올린다.</p>','2022-10-05 02:06:39.544308','2022-10-05 02:06:39.544332','http://www.foodsafetykorea.go.kr/uploadimg/cook/10_00645_1.png',0,13),(209,'청국장볶음밥','http://www.foodsafetykorea.go.kr/uploadimg/cook/20_00218_1.png```<p>1. 쌀과 현미는 물에 깨끗이 씻어 불린\n후 밥을 고슬고슬하게 짓는다.</p>```http://www.foodsafetykorea.go.kr/uploadimg/cook/20_00218_2.png```<p>2. 감자, 고구마, 우엉, 양파, 당근,\n애호박, 연근은 작게 깍둑 썰고,\n마늘은 편 썬다.</p>```http://www.foodsafetykorea.go.kr/uploadimg/cook/20_00218_3.png```<p>3. 시금치와 참나물, 깻잎은 굵게 채\n썰고, 미나리는 2.5㎝ 길이로 썬다.</p>```http://www.foodsafetykorea.go.kr/uploadimg/cook/20_00218_4.png```<p>4. 물(50g)에 다시마를 우려내 육수를\n내고 청국장을 넣어 잘 푼 뒤\n들깻가루를 넣고 잘 저어주며 졸여\n청국장소스를 만든다.</p>```http://www.foodsafetykorea.go.kr/uploadimg/cook/20_00218_5.png```<p>5. 팬에 올리브유와 들기름을 두르고\n양파, 마늘을 약한 불에 볶다가\n감자, 고구마, 우엉, 연근, 당근,\n애호박을 넣고 같이 볶는다.</p>```http://www.foodsafetykorea.go.kr/uploadimg/cook/20_00218_6.png```<p>6. 밥과 청국장소스를 부어 80% 정도\n볶다가 시금치, 참나물, 미나리를\n넣고 한 번 더 볶고 채 썬 깻잎을\n올려 마무리한다.</p>','2022-10-05 02:06:39.549975','2022-10-05 02:06:39.550000','http://www.foodsafetykorea.go.kr/uploadimg/cook/10_00218_1.png',0,13),(210,'해물볶음밥','http://www.foodsafetykorea.go.kr/uploadimg/cook/20_00219_1.png```<p>1. 쌀은 씻어서 체에 건져 1시간 이상\n불린 후 동량의 물을 부어 밥을\n짓는다.</p>```http://www.foodsafetykorea.go.kr/uploadimg/cook/20_00219_2.png```<p>2. 아스파라거스, 새송이버섯은 작게\n깍둑 썰고, 무와 우엉, 미나리는\n다진다.</p>```http://www.foodsafetykorea.go.kr/uploadimg/cook/20_00219_3.png```<p>3. 식용유(10g)를 두른 팬을 중간 불로\n달궈 달걀을 넣고 스크램블로\n볶는다.</p>```http://www.foodsafetykorea.go.kr/uploadimg/cook/20_00219_4.png```<p>4. 문어, 새우살, 주꾸미는 끓는 물에\n살짝 데쳐 작게 자른다.</p>```http://www.foodsafetykorea.go.kr/uploadimg/cook/20_00219_5.png```<p>5. 식용유(15g)를 두른 팬을 중간 불로\n달궈 밥을 넣어 볶다가 문어, 새우살,\n주꾸미, 스크램블 에그를 넣고 조금\n더 볶는다.</p>```http://www.foodsafetykorea.go.kr/uploadimg/cook/20_00219_6.png```<p>6. 무와 우엉에 고추장과 참기름,\n물(40g)을 넣고 묽게 졸인 후 불을\n끄고 미나리를 넣고 섞어\n미나리볶음고추장을 만들어 밥에\n곁들여 마무리한다.</p>','2022-10-05 02:06:39.659910','2022-10-06 22:15:21.559527','http://www.foodsafetykorea.go.kr/uploadimg/cook/10_00219_1.png',1,13),(211,'완자김치찌개','http://www.foodsafetykorea.go.kr/uploadimg/cook/20_00272_1.png```<p>1. 대파, 마늘, 쇠고기를 물(300g)과\n함께 끓인 뒤 면포에 걸러 육수를\n만든다.</p>```http://www.foodsafetykorea.go.kr/uploadimg/cook/20_00272_2.png```<p>2. 콩나물, 김치를 물에 씻어 손질한다.</p>```http://www.foodsafetykorea.go.kr/uploadimg/cook/20_00272_3.png```<p>3. 두부는 물기를 빼고, 붉은 고추는\n다진 뒤 돼지고기와 섞어 반죽해\n동그랗게 빚어 완자를 만든다.</p>```http://www.foodsafetykorea.go.kr/uploadimg/cook/20_00272_4.png```<p>4. 김 오른 찜기에 완자를 넣어 찐다.</p>```http://www.foodsafetykorea.go.kr/uploadimg/cook/20_00272_5.png```<p>5. 육수를 끓이고 끓어오르면 김치,\n콩나물, 새우젓을 넣는다.</p>```http://www.foodsafetykorea.go.kr/uploadimg/cook/20_00272_6.png```<p>6. 한소끔 더 끓이다가 완자를 넣고\n조금 더 끓여 마무리한다.</p>','2022-10-05 02:06:39.763965','2022-10-05 02:06:39.763998','http://www.foodsafetykorea.go.kr/uploadimg/cook/10_00272_1.png',0,13),(212,'닭고기김치찌개','http://www.foodsafetykorea.go.kr/uploadimg/cook/20_00271_1.png```<p>1. 육수 재료를 넣고 중간 불로 끓인 뒤\n체에 걸러 육수를 만든다.</p>```http://www.foodsafetykorea.go.kr/uploadimg/cook/20_00271_2.png```<p>2. 닭가슴살은 채 썬 뒤 물에 넣고\n삶는다.</p>```http://www.foodsafetykorea.go.kr/uploadimg/cook/20_00271_3.png```<p>3. 애호박은 반달 썰고, 미나리는 5㎝\n길이로 썰고, 청양고추는 잘게 썬 뒤\n찬물에 담가 씨를 빼고, 두부는 한입\n크기로 썰어 물에 담가둔다.</p>```http://www.foodsafetykorea.go.kr/uploadimg/cook/20_00271_4.png```<p>4. 김치를 한입 크기로 썬 뒤 참기름에\n볶다가 육수를 붓는다.</p>```http://www.foodsafetykorea.go.kr/uploadimg/cook/20_00271_5.png```<p>5. 두부, 애호박, 느타리버섯, 미나리,\n닭가슴살을 넣어 끓어오르면\n달걀물과 청양고추를 넣고 조금\n더 끓여 마무리한다.</p>','2022-10-05 02:06:39.764974','2022-10-05 02:06:39.764999','http://www.foodsafetykorea.go.kr/uploadimg/cook/10_00271_1.png',0,13),(213,'백김치콩비지찌개','http://www.foodsafetykorea.go.kr/uploadimg/cook/20_00273_1.png```<p>1. 풋고추는 잘게 다진다.</p>```http://www.foodsafetykorea.go.kr/uploadimg/cook/20_00273_2.png```<p>2. 백김치는 먹기 좋은 크기로 썬다.</p>```http://www.foodsafetykorea.go.kr/uploadimg/cook/20_00273_3.png```<p>3. 냄비에 백김치를 볶다가 김치가\n익으면 참기름, 후춧가루,\n다진 마늘을 넣고 볶는다.</p>```http://www.foodsafetykorea.go.kr/uploadimg/cook/20_00273_4.png```<p>4. 물(200g)을 넣고 끓인다.</p>```http://www.foodsafetykorea.go.kr/uploadimg/cook/20_00273_5.png```<p>5. 물이 끓으면 콩비지와 간장,\n풋고추를 넣어 약한 불에서 15분\n정도 끓여 마무리한다.</p>','2022-10-05 02:06:39.785573','2022-10-05 02:06:39.785602','http://www.foodsafetykorea.go.kr/uploadimg/cook/10_00273_1.png',0,13),(214,'토마토카레 채소볶음밥','http://www.foodsafetykorea.go.kr/uploadimg/cook/20_00220_1.png```<p>1. 감자, 양파, 당근, 피망은 볶음밥에\n넣을 분량은 잘게 다지고, 카레에\n넣을 분량은 한입 크기로 썬다.</p>```http://www.foodsafetykorea.go.kr/uploadimg/cook/20_00220_2.png```<p>2. 닭가슴살도 한입 크기로 잘라\n후춧가루로 밑간한다.</p>```http://www.foodsafetykorea.go.kr/uploadimg/cook/20_00220_3.png```<p>3. 팬에 식용유(15g)를 두른 뒤 잘게\n다진 감자, 양파, 당근, 피망을 넣고\n볶다가 밥을 넣고 같이 볶는다.</p>```http://www.foodsafetykorea.go.kr/uploadimg/cook/20_00220_4.png```<p>4. 식용유(15g)를 두른 팬에 닭고기를\n먼저 볶다가 한입 크기로 썬 감자,\n당근, 양파, 피망, 브로콜리를 넣고\n볶은 뒤 마지막에 방울토마토를\n넣는다.</p>```http://www.foodsafetykorea.go.kr/uploadimg/cook/20_00220_5.png```<p>5. 토마토페이스트을 넣고 볶다가\n파프리카가루를 넣어 향을 낸다.</p>```http://www.foodsafetykorea.go.kr/uploadimg/cook/20_00220_6.png```<p>6. 카레가루를 푼 물(300g)을 부어\n끓이다가 플레인 요구르트를 넣고\n농도를 맞춘 뒤 밥 위에 얹어\n마무리한다.</p>','2022-10-05 02:06:39.794853','2022-10-05 02:06:39.794879','http://www.foodsafetykorea.go.kr/uploadimg/cook/10_00220_1.png',0,13),(215,'구운주먹밥','http://www.foodsafetykorea.go.kr/uploadimg/cook/20_00221_1.png```<p>1. 현미로 밥을 지은 뒤 밥 밑간을 넣고\n섞는다.</p>```http://www.foodsafetykorea.go.kr/uploadimg/cook/20_00221_2.png```<p>2. 톳에 톳 무침양념을 넣고 버무린다.</p>```http://www.foodsafetykorea.go.kr/uploadimg/cook/20_00221_3.png```<p>3. 밥에 톳을 넣고 버무린다.</p>```http://www.foodsafetykorea.go.kr/uploadimg/cook/20_00221_4.png```<p>4. 밥을 먹기 좋은 크기로 둥글게 뭉친\n뒤 부순 생김을 골고루 묻힌다.</p>```http://www.foodsafetykorea.go.kr/uploadimg/cook/20_00221_5.png```<p>5. 주먹밥에 달걀물을 입힌 뒤 팬에\n구워 마무리한다.</p>','2022-10-05 02:06:39.915109','2022-10-05 10:28:54.872503','http://www.foodsafetykorea.go.kr/uploadimg/cook/10_00221_1.png',3,13),(216,'깐풍주먹밥','http://www.foodsafetykorea.go.kr/uploadimg/cook/20_00222_1.png```<p>1. 칵테일새우는 잘게 다진다.</p>```http://www.foodsafetykorea.go.kr/uploadimg/cook/20_00222_2.png```<p>2. 다진 쇠고기에 후춧가루와\n참기름(3g)으로 밑간한 후 볶는다.</p>```http://www.foodsafetykorea.go.kr/uploadimg/cook/20_00222_3.png```<p>3. 찹쌀현미밥에 참기름(4g)을 넣어\n밑간하고 식힌 후 새우와 쇠고기를\n넣어 뭉쳐준다.</p>```http://www.foodsafetykorea.go.kr/uploadimg/cook/20_00222_4.png```<p>4. 마늘과 고추는 볶다가 식초와\n함초가루, 설탕, 물(30g)을 넣고 졸여\n소스를 만든다.</p>```http://www.foodsafetykorea.go.kr/uploadimg/cook/20_00222_5.png```<p>5. 밀가루는 반죽한 뒤 얇게 밀어\n삼각형으로 잘라 튀긴 후 기름을\n뺀다.</p>```http://www.foodsafetykorea.go.kr/uploadimg/cook/20_00222_6.png```<p>6. 위에 주먹밥을 올리고 파인애플을\n올린 후 소스를 곁들여 마무리한다.</p>','2022-10-05 02:06:39.994681','2022-10-05 10:35:04.960233','http://www.foodsafetykorea.go.kr/uploadimg/cook/10_00222_1.png',1,13),(217,'닭봉주먹밥','http://www.foodsafetykorea.go.kr/uploadimg/cook/20_00223_1.png```<p>1. 닭봉은 손질한 뒤 후춧가루를\n섞은 우유에 담가두었다가 구워\n준비한다.</p>```http://www.foodsafetykorea.go.kr/uploadimg/cook/20_00223_2.png```<p>2. 단호박, 새송이버섯은 구워서\n준비한다.</p>```http://www.foodsafetykorea.go.kr/uploadimg/cook/20_00223_3.png```<p>3. 소스를 만든다.</p>```http://www.foodsafetykorea.go.kr/uploadimg/cook/20_00223_4.png```<p>4. 가지, 주키니호박, 당근, 양파,\n시래기는 잘게 다진 뒤 볶는다.</p>```http://www.foodsafetykorea.go.kr/uploadimg/cook/20_00223_5.png```<p>5. 볶은 채소와 치즈를 참기름, 간장과\n함께 밥에 넣고 섞는다.</p>```http://www.foodsafetykorea.go.kr/uploadimg/cook/20_00223_6.png```<p>6. 구운 닭봉을 밥으로 감싼 뒤 구운\n단호박, 새송이버섯, 새싹채소와\n함께 담아 소스를 곁들여\n마무리한다.</p>','2022-10-05 02:06:40.004864','2022-10-05 02:06:40.004897','http://www.foodsafetykorea.go.kr/uploadimg/cook/10_00223_1.png',0,13),(218,'봄주먹밥','http://www.foodsafetykorea.go.kr/uploadimg/cook/20_00224_1.png```<p>1. 봄동과 깻잎은 데친 뒤 체에 밭쳐\n물기를 제거한다.</p>```http://www.foodsafetykorea.go.kr/uploadimg/cook/20_00224_2.png```<p>2. 데친 꼬막살은 물기를 제거하고\n다져 올리브유로 양념한 밥에\n참깨와 함께 버무린 후 한입 크기로\n주먹밥을 만든다.</p>```http://www.foodsafetykorea.go.kr/uploadimg/cook/20_00224_3.png```<p>3. 낙지 다리는 데쳐 찬물에 담가 식힌\n뒤 참기름(3g)에 양념하고, 두릅은\n데쳐 물기를 제거한 뒤 올리브유로\n양념한다.</p>```http://www.foodsafetykorea.go.kr/uploadimg/cook/20_00224_4.png```<p>4. 봄동에 꼬막밥을 넣고 만 뒤\n깻잎으로 싸고 데친 미나리로 묶어\n봄주먹밥을 만든다.</p>```http://www.foodsafetykorea.go.kr/uploadimg/cook/20_00224_5.png```<p>5. 냄비에 참기름(10g)을 두르고 양파,\n당근, 애호박을 넣고 볶은 뒤 물,\n된장, 고춧가루, 다진 마늘, 붉은\n고추, 청양고추를 넣고 끓이다가\n두부를 넣고 조려 두부강된장을\n만든다.</p>```http://www.foodsafetykorea.go.kr/uploadimg/cook/20_00224_6.png```<p>6. 봄주먹밥에 낙지와 두릅,\n두부강된장을 곁들여 마무리한다.</p>','2022-10-05 02:06:40.035522','2022-10-05 02:06:40.035547','http://www.foodsafetykorea.go.kr/uploadimg/cook/10_00224_1.png',0,13),(219,'깻잎장아찌롤','http://www.foodsafetykorea.go.kr/uploadimg/cook/20_00225_1.png```<p>1. 쌀을 씻어 밥을 지은 뒤 밥 밑간을\n한다.</p>```http://www.foodsafetykorea.go.kr/uploadimg/cook/20_00225_2.png```<p>2. 양파, 피클, 삶은 달걀은 다진 뒤\n마요네즈에 섞어\n허브타르타르드레싱을 만든다.</p>```http://www.foodsafetykorea.go.kr/uploadimg/cook/20_00225_3.png```<p>3. 김 위에 양쪽으로 밥을 펴고\n허브타르타르드레싱을 위에\n올린 후 만다.</p>```http://www.foodsafetykorea.go.kr/uploadimg/cook/20_00225_4.png```<p>4. 깻잎장아찌를 바닥에 깔고 말아놓은\n롤을 올린 후 한 번 더 만다.</p>```http://www.foodsafetykorea.go.kr/uploadimg/cook/20_00225_5.png```<p>5. 머스타드소스를 만든다.</p>```http://www.foodsafetykorea.go.kr/uploadimg/cook/20_00225_6.png```<p>6. 한입 크기로 롤을 썬 뒤 새싹과\n소스를 곁들여 마무리한다.</p>','2022-10-05 02:06:40.109703','2022-10-05 02:06:40.109728','http://www.foodsafetykorea.go.kr/uploadimg/cook/10_00225_1.png',0,13),(220,'오징어김치찌개','http://www.foodsafetykorea.go.kr/uploadimg/cook/20_00274_1.png```<p>1. 육수 재료를 넣고 끓인 뒤 체로 걸러\n육수를 낸다.</p>```http://www.foodsafetykorea.go.kr/uploadimg/cook/20_00274_2.png```<p>2. 오징어 몸통은 큼지막하게 썰고\n다리는 얇게 썬다.</p>```http://www.foodsafetykorea.go.kr/uploadimg/cook/20_00274_3.png```<p>3. 두부와 버섯은 먹기 좋게 썰고,\n고추는 어슷하게 썰고, 고구마는\n먹기 좋은 크기로 썰고, 콩나물은\n다듬는다.</p>```http://www.foodsafetykorea.go.kr/uploadimg/cook/20_00274_4.png```<p>4. 김치는 먹기 좋은 크기로 썬 뒤\n냄비에 참기름을 두르고 볶다가\n고구마, 콩나물, 육수를 넣고 끓인다.</p>```http://www.foodsafetykorea.go.kr/uploadimg/cook/20_00274_5.png```<p>5. 자작하게 끓으면 오징어를 넣고\n끓이고, 오징어가 익으면 들깻가루를\n넣고 끓인다.</p>```http://www.foodsafetykorea.go.kr/uploadimg/cook/20_00274_6.png```<p>6. 두부, 팽이버섯, 쑥갓, 고구마,\n붉은 고추를 넣고 끓여 마무리한다.</p>','2022-10-05 02:06:40.199684','2022-10-05 02:06:40.199711','http://www.foodsafetykorea.go.kr/uploadimg/cook/10_00274_1.png',0,13),(221,'참치비빔밥롤','http://www.foodsafetykorea.go.kr/uploadimg/cook/20_00226_1.png```<p>1. 쌀을 물에 불린 뒤 완두콩을 함께\n넣고 밥을 짓는다.</p>```http://www.foodsafetykorea.go.kr/uploadimg/cook/20_00226_2.png```<p>2. 달걀을 풀어 체에 내린 뒤 지단을\n부치면서 반 정도 익었을 때 그 위에\n얇게 썬 주키니호박, 당근, 가지를\n올려 익힌다.</p>```http://www.foodsafetykorea.go.kr/uploadimg/cook/20_00226_3.png```<p>3. 참치를 참치밑간에 재운 뒤 겉만\n살짝 익힌다.</p>```http://www.foodsafetykorea.go.kr/uploadimg/cook/20_00226_4.png```<p>4. 김에 밥을 올리고, 뒤집어 참치를\n올려 만 뒤 그 위에 지단을 올려\n한 번 더 만다.</p>```http://www.foodsafetykorea.go.kr/uploadimg/cook/20_00226_5.png```<p>5. 사과드레싱을 만들고,\n토마토소스 재료를 간 뒤 체에\n거른다.</p>```http://www.foodsafetykorea.go.kr/uploadimg/cook/20_00226_6.png```<p>6. 참치비빔밥롤을 담은 뒤\n토마토소스를 곁들이고, 케일에\n사과드레싱을 뿌려 마무리한다.</p>','2022-10-05 02:06:40.293752','2022-10-06 16:38:28.841132','http://www.foodsafetykorea.go.kr/uploadimg/cook/10_00226_1.png',1,13),(222,'새싹참치김밥','http://www.foodsafetykorea.go.kr/uploadimg/cook/20_00227_1.png```<p>1. 소스를 만든다.</p>```http://www.foodsafetykorea.go.kr/uploadimg/cook/20_00227_2.png```<p>2. 파프리카와 파인애플을 먹기 좋게\n썬다.</p>```http://www.foodsafetykorea.go.kr/uploadimg/cook/20_00227_3.png```<p>3. 스크램블 에그를 만든다.</p>```http://www.foodsafetykorea.go.kr/uploadimg/cook/20_00227_4.png```<p>4. 김발 위에 ⅔크기로 자른 김을 놓고\n밥을 고루 편 뒤 새싹채소,\n스크램블 에그, 파프리카, 기름 뺀\n참치, 파인애플을 올리고 소스를\n고르게 뿌린다.</p>```http://www.foodsafetykorea.go.kr/uploadimg/cook/20_00227_5.png```<p>5. 반으로 접어 먹기 좋게 썰어\n마무리한다.</p>','2022-10-05 02:06:40.387478','2022-10-05 02:06:40.387506','http://www.foodsafetykorea.go.kr/uploadimg/cook/10_00227_1.png',0,13),(223,'연어주먹밥튀김','http://www.foodsafetykorea.go.kr/uploadimg/cook/20_00228_1.png```<p>1. 당근, 피망, 양파를 잘게 다진 뒤\n기름에 살짝 볶아 밥에\n마요네즈(10g)와 함께 넣어 섞는다.</p>```http://www.foodsafetykorea.go.kr/uploadimg/cook/20_00228_2.png```<p>2. 통조림 연어는 기름기를 빼고,\n식초를 넣은 끓는 물에서 30초 정도\n데친다.</p>```http://www.foodsafetykorea.go.kr/uploadimg/cook/20_00228_3.png```<p>3. 데리야키소스와 마요네즈(10g)에\n연어를 넣고 버무려 양념한다.</p>```http://www.foodsafetykorea.go.kr/uploadimg/cook/20_00228_4.png```<p>4. 밥을 동그랗게 빚은 뒤 가운데에\n연어를 넣고 주먹밥을 만든다.</p>```http://www.foodsafetykorea.go.kr/uploadimg/cook/20_00228_5.png```<p>5. 달걀물과 빵가루를 입혀 160℃로\n예열한 기름에 바삭하게 튀긴다.</p>```http://www.foodsafetykorea.go.kr/uploadimg/cook/20_00228_6.png```<p>6. 연어주먹밥튀김을 담고\n어린잎채소를 곁들인 뒤\n오리엔탈소스를 곁들여 마무리한다.</p>','2022-10-05 02:06:40.472450','2022-10-05 02:06:40.472477','http://www.foodsafetykorea.go.kr/uploadimg/cook/10_00228_1.png',0,13),(224,'오징어불고기김밥','http://www.foodsafetykorea.go.kr/uploadimg/cook/20_00229_1.png```<p>1. 오징어 몸통 안쪽에 칼집을 내고\n끓는 물에 데친다.</p>```http://www.foodsafetykorea.go.kr/uploadimg/cook/20_00229_2.png```<p>2. 파프리카와 당근, 피망은 작게 다져\n볶은 뒤 밥에 넣어 섞는다.</p>```http://www.foodsafetykorea.go.kr/uploadimg/cook/20_00229_3.png```<p>3. 쇠고기는 참기름에 볶는다.</p>```http://www.foodsafetykorea.go.kr/uploadimg/cook/20_00229_4.png```<p>4. 달걀을 풀어 약한 불로 달군 팬에\n부은 뒤 김가루를 뿌려 지단을\n부치고, 바닥이 익으면 깻잎과\n밥을 올린다.</p>```http://www.foodsafetykorea.go.kr/uploadimg/cook/20_00229_5.png```<p>5. 데친 오징어, 볶은 쇠고기 순으로\n올려 만 뒤 랩으로 싼다.</p>```http://www.foodsafetykorea.go.kr/uploadimg/cook/20_00229_6.png```<p>6. 고추장과 매실청을 섞은 뒤 팬에\n넣고 약한 불에서 끓여 소스를\n만들고 한입 크기로 썬 김밥에\n구운 버섯을 함께 곁들여\n마무리한다.</p>','2022-10-05 02:06:40.562823','2022-10-05 02:06:40.562853','http://www.foodsafetykorea.go.kr/uploadimg/cook/10_00229_1.png',0,13),(225,'닭가슴살청포묵비빔밥','http://www.foodsafetykorea.go.kr/uploadimg/cook/20_00230_1.png```<p>1. 닭고기 삶는 재료를 물(100g)에 넣어\n끓이다가 닭가슴살을 넣고 삶아\n한입 크기로 썬다.</p>```http://www.foodsafetykorea.go.kr/uploadimg/cook/20_00230_2.png```<p>2. 양배추는 곱게 채 썰고, 청포묵은\n먹기 좋은 크기로 썬다.</p>```http://www.foodsafetykorea.go.kr/uploadimg/cook/20_00230_3.png```<p>3. 숙주는 끓는 물에 데쳐 물기를 뺀다</p>```http://www.foodsafetykorea.go.kr/uploadimg/cook/20_00230_4.png```<p>4. 비빔소스를 만든다.</p>```http://www.foodsafetykorea.go.kr/uploadimg/cook/20_00230_5.png```<p>5. 쌀에 물을 붓고 밥을 짓는다.</p>```http://www.foodsafetykorea.go.kr/uploadimg/cook/20_00230_6.png```<p>6. 밥 위에 닭가슴살, 양배추, 청포묵,\n숙주, 달걀지단, 무순을 담아\n마무리한다.</p>','2022-10-05 02:06:40.570813','2022-10-07 06:00:01.380986','http://www.foodsafetykorea.go.kr/uploadimg/cook/10_00230_1.png',1,13),(226,'함초떡갈비','http://www.foodsafetykorea.go.kr/uploadimg/cook/20_00326_01.png```<p>1. 함초는 송송 다져준다.</p>```http://www.foodsafetykorea.go.kr/uploadimg/cook/20_00326_02.png```<p>2. 당근, 새송이, 샐러리, 양파를 송송 다져준다.</p>```http://www.foodsafetykorea.go.kr/uploadimg/cook/20_00326_03.png```<p>3. 볼에 소고기, 돼지고기, 다져 놓은 채소와\n다진마늘, 다진대파, 참기름을 넣고 반죽해준다.</p>```http://www.foodsafetykorea.go.kr/uploadimg/cook/20_00326_04.png```<p>4. 여기에 함초 다진 것을 넣고 다시 반죽해 준다.</p>```http://www.foodsafetykorea.go.kr/uploadimg/cook/20_00326_05.png```<p>5. 떡갈비 모양으로 만들어준 후 팬에 노릇하게\n구워준다.</p>```http://www.foodsafetykorea.go.kr/uploadimg/cook/20_00326_06.png```<p>6. 소스를 만들어 구워진 떡갈비를 졸여준다.</p>','2022-10-05 02:06:40.581868','2022-10-05 02:06:40.581893','http://www.foodsafetykorea.go.kr/uploadimg/cook/10_00326_1.png',0,13),(227,'돼지수육맑은전골','http://www.foodsafetykorea.go.kr/uploadimg/cook/20_00328_01.png```<p>1. 당근, 청경채, 배추, 애호박, 팽이버섯은 먹기\n좋은 크기로 잘라준다.</p>```http://www.foodsafetykorea.go.kr/uploadimg/cook/20_00328_02.png```<p>2. 흑돼지고기, 저염된장, 후추를 넣어서 불순물을\n제거하면서 고기를 삶아준다.</p>```http://www.foodsafetykorea.go.kr/uploadimg/cook/20_00328_03.png```<p>3. 천연다시다로 육수를 만들어 체에 걸러준다.</p>```http://www.foodsafetykorea.go.kr/uploadimg/cook/20_00328_04.png```<p>4. 손질한 야채들과 청양고추를 잘라 함께 육수에\n데쳐 국물에 매운 맛을 낸다.</p>```http://www.foodsafetykorea.go.kr/uploadimg/cook/20_00328_05.png```<p>5. 곁들이장을 만들어 준다.</p>```http://www.foodsafetykorea.go.kr/uploadimg/cook/20_00328_06.png```<p>6. 냄비에 데쳐준 채소와 국물을 붓고 고기를\n먹기좋게 썰어 소스랑 완성한다.</p>','2022-10-05 02:06:40.665761','2022-10-05 02:06:40.665786','http://www.foodsafetykorea.go.kr/uploadimg/cook/10_00328_1.png',0,13),(228,'채소비빔밥','http://www.foodsafetykorea.go.kr/uploadimg/cook/20_00329_01.png```<p>1. 바지락은 해감을 시켜준 후 물에 넣어 바지락\n육수를 만들어준다.</p>```http://www.foodsafetykorea.go.kr/uploadimg/cook/20_00329_02.png```<p>2. 바지락살은 따로 떼어내어 다진소고기와\n다시 다져서 양념해 볶아준다.</p>```http://www.foodsafetykorea.go.kr/uploadimg/cook/20_00329_03.png```<p>3. 두부는 물기제거를 한 후 함초, 깻잎, 다진양파,\n를 넣어 치대어 두부볶음을 만들어준다.</p>```http://www.foodsafetykorea.go.kr/uploadimg/cook/20_00329_04.png```<p>4. 애호박은 채 썰어주고 양파, 오이, 당근, 표고도\n채 썰어 각각 볶아준다.</p>```http://www.foodsafetykorea.go.kr/uploadimg/cook/20_00329_05.png```<p>5. 볶은 바지락과 쌀을 넣어 밥을 한다.</p>```http://www.foodsafetykorea.go.kr/uploadimg/cook/20_00329_06.png```<p>6. 몰드에 밥과 각종 채소들을 올려주고 마지막에\n두부 스크램블을 올려 밥을 완성한다.</p>','2022-10-05 02:06:40.713280','2022-10-05 13:49:43.342813','http://www.foodsafetykorea.go.kr/uploadimg/cook/10_00329_1.png',1,13),(229,'열무김치파스타','http://www.foodsafetykorea.go.kr/uploadimg/cook/20_00330_01.png```<p>1. 뜨거운 물에 파스타면을 삶아낸 뒤 물기를\n빼준다.</p>```http://www.foodsafetykorea.go.kr/uploadimg/cook/20_00330_02.png```<p>2. 송송 썬 청양고추를 생들기름에 볶아주다\n면을 볶는다.</p>```http://www.foodsafetykorea.go.kr/uploadimg/cook/20_00330_03.png```<p>3. 볶아준 청양고추에 삶아진 면을 볶아준다.</p>```http://www.foodsafetykorea.go.kr/uploadimg/cook/20_00330_04.png```<p>4. 열무김치는 송송 썰어서 들기름에 살짝\n볶아준다.</p>```http://www.foodsafetykorea.go.kr/uploadimg/cook/20_00330_05.png```<p>5. 오이는 돌려깎기 해서 채 썰어주고 청고추,\n2가지색 파프리카, 당근도 채 썰어 각각 볶아\n준다.</p>```http://www.foodsafetykorea.go.kr/uploadimg/cook/20_00330_06.png```<p>6. 청양고추에 볶아진 파스타면을 볶은 채소와\n한 번 더 볶아 완성한다.</p>','2022-10-05 02:06:40.906553','2022-10-05 02:09:35.996950','http://www.foodsafetykorea.go.kr/uploadimg/cook/10_00330_1.png',1,13),(230,'해초갈비찜','http://www.foodsafetykorea.go.kr/uploadimg/cook/20_00331_01.png```<p>1. 갈비는 핏물을 빼주고 뜨거운 물에 80% 이상\n데쳐준 뒤 갈비와 감자를 물을 자작하게 넣고\n청주, 생강청을 넣고 푹 삶아준다.</p>```http://www.foodsafetykorea.go.kr/uploadimg/cook/20_00331_02.png```<p>2. 양파, 청고추, 홍고추는 먹기 좋게 썰어준다.</p>```http://www.foodsafetykorea.go.kr/uploadimg/cook/20_00331_03.png```<p>3. 마른미역줄기는 냉수에 행군 뒤 물기를 빼준다.</p>```http://www.foodsafetykorea.go.kr/uploadimg/cook/20_00331_04.png```<p>4. 양념장을 바글바글 끓여준다.</p>```http://www.foodsafetykorea.go.kr/uploadimg/cook/20_00331_05.png```<p>5. 끓고 있는 양념장에 삶아진 갈비, 감자, 당근\n순으로 끓이다 메추리알을 넣고 졸여준다.</p>```http://www.foodsafetykorea.go.kr/uploadimg/cook/20_00331_06.png```<p>6. 마지막에 미역줄기를 넣고 볶아주는 형식으로\n갈비찜을 완성한다.</p>','2022-10-05 02:06:40.919243','2022-10-06 17:14:43.433340','http://www.foodsafetykorea.go.kr/uploadimg/cook/10_00331_1.png',2,13),(231,'버섯곤드레밥','http://www.foodsafetykorea.go.kr/uploadimg/cook/20_00332_01.png```<p>1. 곤드레는 뜨거운 물에 데쳐낸 뒤 깨끗하게\n헹구고 송송 썰어준다.</p>```http://www.foodsafetykorea.go.kr/uploadimg/cook/20_00332_02.png```<p>2. 두부의 물기를 짜 준다.</p>```http://www.foodsafetykorea.go.kr/uploadimg/cook/20_00332_03.png```<p>3. 양념장 재료와 물기를 짠 두부로 양념장을\n만들어준다.</p>```http://www.foodsafetykorea.go.kr/uploadimg/cook/20_00332_04.png```<p>4. 느타리버섯은 뜨거운 물에 데쳐낸 후 수분을\n빼 가늘게 찢어준다.</p>```http://www.foodsafetykorea.go.kr/uploadimg/cook/20_00332_05.png```<p>5. 냄비에 참기름을 두르고 곤드레를 볶다가 쌀을\n넣고 밥을 해준다.</p>```http://www.foodsafetykorea.go.kr/uploadimg/cook/20_00332_06.png```<p>6. 뜸을 들일 때 느타리버섯을 올려주어 밥을\n완성한다.</p>','2022-10-05 02:06:40.941085','2022-10-05 02:06:40.941110','http://www.foodsafetykorea.go.kr/uploadimg/cook/10_00332_1.png',0,13),(232,'바다향이 풍부한 전복죽','http://www.foodsafetykorea.go.kr/uploadimg/cook/20_00333_01.png```<p>1. 찹쌀은 불려주고 전복은 손질해 내장과 분리해\n준 뒤 청주를 넣어서 전복 내장을 믹서에\n갈아준다.</p>```http://www.foodsafetykorea.go.kr/uploadimg/cook/20_00333_02.png```<p>2. 전복 몸에 칼집을 내준 후 참기름을 두른 팬에\n구워준다.</p>```http://www.foodsafetykorea.go.kr/uploadimg/cook/20_00333_03.png```<p>3. 당근과 미역은 송송 잘라준다.</p>```http://www.foodsafetykorea.go.kr/uploadimg/cook/20_00333_04.png```<p>4. 전복내장을 먼저 참기름에 충분히 볶아준다.</p>```http://www.foodsafetykorea.go.kr/uploadimg/cook/20_00333_05.png```<p>5. 내장을 볶아주다가 불린 찹쌀을 넣고 충분히\n볶아준다.</p>```http://www.foodsafetykorea.go.kr/uploadimg/cook/20_00333_06.png```<p>6. 죽이 완성될 때 당근, 미역을 넣고 죽을 끓여\n주고 전복은 고명으로 올려준다.</p>','2022-10-05 02:06:40.997008','2022-10-05 02:06:40.997038','http://www.foodsafetykorea.go.kr/uploadimg/cook/10_00333_1.png',0,13),(233,'주꾸미연포탕','http://www.foodsafetykorea.go.kr/uploadimg/cook/20_00334_01.png```<p>1. 주꾸미는 세척해 물기를 빼준다.</p>```http://www.foodsafetykorea.go.kr/uploadimg/cook/20_00334_02.png```<p>2. 무와 단호박은 먹기 좋게 썰어준다.</p>```http://www.foodsafetykorea.go.kr/uploadimg/cook/20_00334_03.png```<p>3. 청고추, 미나리, 양파를 먹기 좋게 썰어준다.</p>```http://www.foodsafetykorea.go.kr/uploadimg/cook/20_00334_04.png```<p>4. 청양 고추를 어슷하게 썰고 마늘은 편으로 썰어\n국물을 끓여준다.</p>```http://www.foodsafetykorea.go.kr/uploadimg/cook/20_00334_05.png```<p>5. 국물이 만들어지면 무, 단호박을 넣고 끓여준다.</p>```http://www.foodsafetykorea.go.kr/uploadimg/cook/20_00334_06.png```<p>6. 국물에 대파를 넣어주고 모든 재료를 넣어\n완성한다.</p>','2022-10-05 02:06:41.108198','2022-10-05 02:06:41.108224','http://www.foodsafetykorea.go.kr/uploadimg/cook/10_00334_1.png',0,13),(234,'함초소고기말이','http://www.foodsafetykorea.go.kr/uploadimg/cook/20_00335_01.png```<p>1. 파프라카, 양파, 홍고추는 가늘게 채 썰어준다.</p>```http://www.foodsafetykorea.go.kr/uploadimg/cook/20_00335_02.png```<p>2. 함초는 세척 후 먹기 좋게 손질해 준다.</p>```http://www.foodsafetykorea.go.kr/uploadimg/cook/20_00335_03.png```<p>3. 무순을 물 속에 담가준다.</p>```http://www.foodsafetykorea.go.kr/uploadimg/cook/20_00335_04.png```<p>4. 편으로 썰어준 소고기에 채 썰어준 채소와\n함초를 꼭 싸 말아준다.</p>```http://www.foodsafetykorea.go.kr/uploadimg/cook/20_00335_05.png```<p>5. 마늘은 편으 로 썰 어 마늘기름에 한 번\n구워준다.</p>```http://www.foodsafetykorea.go.kr/uploadimg/cook/20_00335_06.png```<p>6. 구운 마늘을 깔고 말아준 고기를 굽는다.</p>','2022-10-05 02:06:41.178672','2022-10-05 02:09:32.793474','http://www.foodsafetykorea.go.kr/uploadimg/cook/10_00335_1.png',4,13),(235,'묵계밥','http://www.foodsafetykorea.go.kr/uploadimg/cook/20_00336_01.png```<p>1. 닭가슴살을 이용해 국물을 만든다.</p>```http://www.foodsafetykorea.go.kr/uploadimg/cook/20_00336_02.png```<p>2. 닭가슴살은 먹기 좋게 찢어 흰 후추, 버섯마늘\n소금으로 밑간을 해준다.</p>```http://www.foodsafetykorea.go.kr/uploadimg/cook/20_00336_03.png```<p>3. 콩나물은 머리를 떼어내고 데쳐준다.</p>```http://www.foodsafetykorea.go.kr/uploadimg/cook/20_00336_04.png```<p>4. 계란은 황백지단으로 부친 후 채 썰어준다.</p>```http://www.foodsafetykorea.go.kr/uploadimg/cook/20_00336_05.png```<p>5. 3종류의 묵은 먹기 좋은 크기로 썰어준다.</p>```http://www.foodsafetykorea.go.kr/uploadimg/cook/20_00336_06.png```<p>6. 그릇에 밥을 담고 콩나물을 올리고 3종류의\n묵을 올린 후 계란으로 고명해 완성한다.</p>','2022-10-05 02:06:41.241366','2022-10-06 16:18:27.663609','http://www.foodsafetykorea.go.kr/uploadimg/cook/10_00336_1.png',3,13),(236,'근채류주먹밥','http://www.foodsafetykorea.go.kr/uploadimg/cook/20_00337_01.png```<p>1. 쌀을 깨끗하게 씻은 후에 쌀뜨물은 따로\n보관하고 불려준 쌀로 밥을 해주고 접시에\n펼쳐 식혀준다.</p>```http://www.foodsafetykorea.go.kr/uploadimg/cook/20_00337_02.png```<p>2. 우엉과 연근, 감자는 송송 다져준 후 아린 맛을\n빼기위해 물에 담가준다.</p>```http://www.foodsafetykorea.go.kr/uploadimg/cook/20_00337_03.png```<p>3. 우엉과 연근, 감자는 물기를 빼고 볶아준다.</p>```http://www.foodsafetykorea.go.kr/uploadimg/cook/20_00337_04.png```<p>4. 청고추, 양파, 당근은 송송 다져서 함께\n볶아준 뒤, 함초 소금을 이용해 1차 간을\n해준다.</p>```http://www.foodsafetykorea.go.kr/uploadimg/cook/20_00337_05.png```<p>5. 그 릇 에 모 든 재 료 를 넣 고 오 니 기 리 를\n만들어준다.</p>```http://www.foodsafetykorea.go.kr/uploadimg/cook/20_00337_06.png```<p>6. 그릇에 담아 완성한다.</p>','2022-10-05 02:06:41.243237','2022-10-05 14:02:11.113528','http://www.foodsafetykorea.go.kr/uploadimg/cook/10_00337_1.png',1,13),(237,'해물김치찌개','http://www.foodsafetykorea.go.kr/uploadimg/cook/20_00275_1.png```<p>1. 냄비에 육수 재료를 넣고 끓이다가\n물이 끓어오르면 다시마를 건지고\n조금 더 끓여 육수를 우려낸다.</p>```http://www.foodsafetykorea.go.kr/uploadimg/cook/20_00275_2.png```<p>2. 바지락은 해감하고, 주꾸미는 내장과\n입, 눈을 제거하고 4cm 크기로 잘라 준비한다.</p>```http://www.foodsafetykorea.go.kr/uploadimg/cook/20_00275_3.png```<p>3. 김치는 국물을 꽉 짜서 한입 크기로\n썰고, 무는 편 썰고, 마늘은 다지고,\n대파는 어슷 썰고, 양파는 굵게 채\n썰고, 두부는 납작하게 썬다.</p>```http://www.foodsafetykorea.go.kr/uploadimg/cook/20_00275_4.png```<p>4. 냄비에 참기름을 두르고, 양파와\n김치가 투명해질 때까지 볶다가\n육수를 붓고 바지락을 넣어 끓으면\n주꾸미를 넣어 더 끓인다.</p>```http://www.foodsafetykorea.go.kr/uploadimg/cook/20_00275_5.png```<p>5. 김칫국물과 배즙을 2:1로 섞은 뒤\n찌개에 넣어 간을 맞춘다.</p>```http://www.foodsafetykorea.go.kr/uploadimg/cook/20_00275_6.png```<p>6. 두부, 팽이버섯을 넣고 한소끔 끓여\n마무리한다.</p>','2022-10-05 02:06:41.263300','2022-10-05 02:06:41.263325','http://www.foodsafetykorea.go.kr/uploadimg/cook/10_00275_1.png',0,13),(238,'맑은부대찌개','http://www.foodsafetykorea.go.kr/uploadimg/cook/20_00276_1.png```<p>1. 다시마육수재료를 물에 넣고 끓여\n육수를 낸다.</p>```http://www.foodsafetykorea.go.kr/uploadimg/cook/20_00276_2.png```<p>2. 느타리버섯은 가닥가닥 떼고, 두부는\n썰고, 콩나물은 머리와 꼬리를 떼\n손질한다.</p>```http://www.foodsafetykorea.go.kr/uploadimg/cook/20_00276_3.png```<p>3. 배추와 미나리를 데친다.</p>```http://www.foodsafetykorea.go.kr/uploadimg/cook/20_00276_4.png```<p>4. 돼지고기, 쇠고기에 고기완자양념을\n넣어 반죽한 뒤 빚어 완자를 만든다.</p>```http://www.foodsafetykorea.go.kr/uploadimg/cook/20_00276_5.png```<p>5. 냄비에 모든 재료를 돌려 담은 뒤\n육수를 부어 끓인다.</p>','2022-10-05 02:06:41.363299','2022-10-05 02:19:51.266876','http://www.foodsafetykorea.go.kr/uploadimg/cook/10_00276_1.png',1,13),(239,'나가사키부대찌개','http://www.foodsafetykorea.go.kr/uploadimg/cook/20_00277_1.png```<p>1. 통조림 햄은 한 번 데친 뒤 우유에\n담가두고, 실곤약은 식초를 넣은\n끓는 물에 살짝 데친다.</p>```http://www.foodsafetykorea.go.kr/uploadimg/cook/20_00277_2.png```<p>2. 양파는 굵게 채 썰고, 느타리버섯은\n찢고, 표고버섯은 모양대로 썰고,\n팽이버섯은 끝부분을 잘라내고,\n청양고추와 붉은 고추는 어슷 썬다.</p>```http://www.foodsafetykorea.go.kr/uploadimg/cook/20_00277_3.png```<p>3. 감자, 무, 두부는 0.5㎝ 두께로 썰고,\n애호박은 반달썰기 하고 깻잎은\n채 썰어 찬물에 담가 매운맛을\n제거한다.</p>```http://www.foodsafetykorea.go.kr/uploadimg/cook/20_00277_4.png```<p>4. 사골육수에 다시마를 넣어 끓인 후\n한 김 식힌다.</p>```http://www.foodsafetykorea.go.kr/uploadimg/cook/20_00277_5.png```<p>5. 다진 돼지고기에 다진 파, 다진 마늘,\n후춧가루, 소금을 섞어 완자를\n만들고 밀가루와 달걀물을 묻혀\n식용유(5g)를 두른 팬에 부친다.</p>```http://www.foodsafetykorea.go.kr/uploadimg/cook/20_00277_6.png```<p>6. 냄비에 재료를 보기 좋게 담고\n사골육수를 부은 뒤 끓이다가\n쑥갓과 들깻가루를 넣어 마무리한다.</p>','2022-10-05 02:06:41.418030','2022-10-06 16:25:35.579367','http://www.foodsafetykorea.go.kr/uploadimg/cook/10_00277_1.png',3,13),(240,'쑥갓부대찌개','http://www.foodsafetykorea.go.kr/uploadimg/cook/20_00279_1.png```<p>1. 통조림 햄을 썰어 끓는 물에 데친다.</p>```http://www.foodsafetykorea.go.kr/uploadimg/cook/20_00279_2.png```<p>2. 애호박은 반달모양으로 썰고, 두부는\n도톰하게 썰고, 팽이버섯은 밑동을\n자르고 3등분하고, 청양고추는\n어슷 썬다.</p>```http://www.foodsafetykorea.go.kr/uploadimg/cook/20_00279_3.png```<p>3. 김치는 씻어서 잘게 썬다.</p>```http://www.foodsafetykorea.go.kr/uploadimg/cook/20_00279_4.png```<p>4. 양념장을 만든다.</p>```http://www.foodsafetykorea.go.kr/uploadimg/cook/20_00279_5.png```<p>5. 냄비에 물(200g)과 다시마를 넣고\n살짝 끓여 다시마육수를 만든다.</p>```http://www.foodsafetykorea.go.kr/uploadimg/cook/20_00279_6.png```<p>6. 육수에 손질한 재료를 담고 양념장\n반을 넣고 중간 불에 끓이다가\n쑥갓과 남은 양념장을 넣고 약한\n불에 조금 더 끓여 마무리한다.</p>','2022-10-05 02:06:41.486480','2022-10-05 09:19:21.149482','http://www.foodsafetykorea.go.kr/uploadimg/cook/10_00279_1.png',1,13),(241,'삼계부대찌개','http://www.foodsafetykorea.go.kr/uploadimg/cook/20_00278_1.png```<p>1. 육수 재료를 넣고 20분간 끓여\n육수를 낸다.</p>```http://www.foodsafetykorea.go.kr/uploadimg/cook/20_00278_2.png```<p>2. 닭가슴살과 당근을 다져 모양을\n잡은 뒤 김 오른 찜기에 넣고 찐다.</p>```http://www.foodsafetykorea.go.kr/uploadimg/cook/20_00278_3.png```<p>3. 고추, 대파는 어슷 썰고, 쑥갓,\n표고버섯, 애호박, 김치는 먹기\n좋은 크기로 썰고, 팽이버섯은\n밑동을 잘라 손질한다.</p>```http://www.foodsafetykorea.go.kr/uploadimg/cook/20_00278_4.png```<p>4. 당면과 숙주는 뜨거운 물에 데쳐\n준비한다.</p>```http://www.foodsafetykorea.go.kr/uploadimg/cook/20_00278_5.png```<p>5. 양념장 재료를 섞은 뒤 육수(13g)를\n넣고 양념장을 만든다.</p>```http://www.foodsafetykorea.go.kr/uploadimg/cook/20_00278_6.png```<p>6. 준비한 재료를 담고 육수를 부은 뒤\n양념장을 넣고 끓여 마무리한다.</p>','2022-10-05 02:06:41.562763','2022-10-06 16:55:49.539349','http://www.foodsafetykorea.go.kr/uploadimg/cook/10_00278_1.png',7,13),(242,'들깨순두부찌개','http://www.foodsafetykorea.go.kr/uploadimg/cook/20_00280_1.png```<p>1. 굴은 깨끗이 씻은 뒤 김 오른 찜기에\n찐다.</p>```http://www.foodsafetykorea.go.kr/uploadimg/cook/20_00280_2.png```<p>2. 굴을 쪄낸 물(250g)에 멸치,\n표고버섯 밑동을 넣고 끓인 뒤\n멸치와 표고버섯 밑동을 건져내\n육수를 만든다.</p>```http://www.foodsafetykorea.go.kr/uploadimg/cook/20_00280_3.png```<p>3. 느타리버섯은 밑동을 제거한 후\n씻어 세로로 찢고, 표고버섯은\n0.5㎝ 두께로 썬다.</p>```http://www.foodsafetykorea.go.kr/uploadimg/cook/20_00280_4.png```<p>4. 무는 나박 썰고 양파는 채 썰고,\n미나리는 3㎝ 길이로 썰고,\n대파와 고추는 송송 썬다.</p>```http://www.foodsafetykorea.go.kr/uploadimg/cook/20_00280_5.png```<p>5. 육수에 굴, 다진 마늘, 무, 양파,\n버섯을 넣고 끓인다.</p>```http://www.foodsafetykorea.go.kr/uploadimg/cook/20_00280_6.png```<p>6. 들깻가루와 순두부를 넣고 한소끔\n끓인 뒤 국간장과 소금으로 간을\n맞추고 대파, 붉은 고추, 미나리를\n올려 마무리한다.</p>','2022-10-05 02:06:41.627301','2022-10-05 02:06:41.627328','http://www.foodsafetykorea.go.kr/uploadimg/cook/10_00280_1.png',0,13),(243,'백태순두부찌개','http://www.foodsafetykorea.go.kr/uploadimg/cook/20_00281_1.png```<p>1. 냄비에 육수 재료를 넣어 끓인다.</p>```http://www.foodsafetykorea.go.kr/uploadimg/cook/20_00281_2.png```<p>2. 콩을 충분히 불려 믹서기에 물을\n넣고 갈아 준비한다.</p>```http://www.foodsafetykorea.go.kr/uploadimg/cook/20_00281_3.png```<p>3. 느타리버섯은 찢고, 표고버섯은 먹기\n좋은 크기로 자르고, 애호박과\n양파는 깍둑 썰고, 대파와 고추는\n송송 썬다.</p>```http://www.foodsafetykorea.go.kr/uploadimg/cook/20_00281_4.png```<p>4. 바지락은 해감해 준비한다.</p>```http://www.foodsafetykorea.go.kr/uploadimg/cook/20_00281_5.png```<p>5. 육수에 콩, 느타리버섯, 표고버섯,\n애호박, 저염된장, 새우, 바지락을\n넣고 끊인다.</p>```http://www.foodsafetykorea.go.kr/uploadimg/cook/20_00281_6.png```<p>6. 순두부를 넣고 끊인 후 양파, 대파,\n붉은 고추, 풋고추를 넣고 한소끔\n끓여 마무리한다.</p>','2022-10-05 02:06:41.627476','2022-10-06 17:21:12.539701','http://www.foodsafetykorea.go.kr/uploadimg/cook/10_00281_1.png',4,13),(244,'버섯순두부찌개','http://www.foodsafetykorea.go.kr/uploadimg/cook/20_00282_1.png```<p>1. 물(250g)에 다시마, 표고버섯 밑동을\n넣고 끓인 뒤 다시마와 표고버섯\n밑동은 건져내 육수를 만든다.</p>```http://www.foodsafetykorea.go.kr/uploadimg/cook/20_00282_2.png```<p>2. 표고버섯은 0.5㎝로 썰고, 애호박,\n감자, 양파는 깍둑 썬다.</p>```http://www.foodsafetykorea.go.kr/uploadimg/cook/20_00282_3.png```<p>3. 미나리, 부추는 3㎝ 길이로 썰고,\n대파와 청양고추는 송송 썬다.</p>```http://www.foodsafetykorea.go.kr/uploadimg/cook/20_00282_4.png```<p>4. 육수에 저염된장과 찹쌀가루를 풀고\n한소끔 끓인 후 감자, 다진 마늘을\n넣고 60%정도 익도록 끓인다.</p>```http://www.foodsafetykorea.go.kr/uploadimg/cook/20_00282_5.png```<p>5. 애호박, 표고버섯을 넣고 한 번 더\n끓이다가 순두부와 양파, 들깻가루를\n넣어 한소끔 끓인 후 저염국간장을\n넣어 간을 맞춘다.</p>```http://www.foodsafetykorea.go.kr/uploadimg/cook/20_00282_6.png```<p>6. 대파, 청양고추, 미나리, 부추를\n듬뿍 올려 마무리한다.</p>','2022-10-05 02:06:41.743445','2022-10-07 01:08:06.524340','http://www.foodsafetykorea.go.kr/uploadimg/cook/10_00282_1.png',6,13),(245,'토란순두부찌개','http://www.foodsafetykorea.go.kr/uploadimg/cook/20_00283_1.png```<p>1. 토란은 2×2㎝로 썬다.</p>```http://www.foodsafetykorea.go.kr/uploadimg/cook/20_00283_2.png```<p>2. 표고버섯은 채 썰고, 고추는\n어슷하게 썬다.</p>```http://www.foodsafetykorea.go.kr/uploadimg/cook/20_00283_3.png```<p>3. 냄비에 물(500ml)을 넣고 물이\n끓으면 백합을 넣고 끓여 육수를\n낸다.</p>```http://www.foodsafetykorea.go.kr/uploadimg/cook/20_00283_4.png```<p>4. 조개가 입을 벌리면 토란과\n들깻가루, 표고버섯을 넣고 끓인다.</p>```http://www.foodsafetykorea.go.kr/uploadimg/cook/20_00283_5.png```<p>5. 육수가 어느 정도 걸쭉해지면\n순두부를 넣고 끓인다.</p>```http://www.foodsafetykorea.go.kr/uploadimg/cook/20_00283_6.png```<p>6. 붉은 고추와 청양고추를 올려\n마무리한다.</p>','2022-10-05 02:06:41.797336','2022-10-06 18:07:17.401864','http://www.foodsafetykorea.go.kr/uploadimg/cook/10_00283_1.png',10,13),(246,'토마토스프파스타','http://www.foodsafetykorea.go.kr/uploadimg/cook/20_00385_01.png```<p>1. 토마토홀과 토마토는 송송 다져주고, 마늘,\n양파를 냄비에서 볶은 후 믹서에 갈아 토마토\n스프를 만들어준다.</p>```http://www.foodsafetykorea.go.kr/uploadimg/cook/20_00385_02.png```<p>2. 만들어진 스프를 볶아서 신맛을 날려준다.</p>```http://www.foodsafetykorea.go.kr/uploadimg/cook/20_00385_03.png```<p>3. 먹물파스타면은 삶은 뒤 오일에 버무려주고\n볶아준다.</p>```http://www.foodsafetykorea.go.kr/uploadimg/cook/20_00385_04.png```<p>4. 양파, 애호박, 가지, 2가지색 파프리카를 먹기\n좋게 잘라 팬에 볶아준다.</p>```http://www.foodsafetykorea.go.kr/uploadimg/cook/20_00385_05.png```<p>5. 접시에 볶아진 채소와 파스타면을 서로 다시\n볶아준다.</p>```http://www.foodsafetykorea.go.kr/uploadimg/cook/20_00385_06.png```<p>6. 치즈를 곱게 다져주고 접시에 파스타면을\n올린 뒤, 토마토스프와 치즈가루를 뿌려 완성\n한다.</p>','2022-10-05 02:06:42.010609','2022-10-06 23:22:34.243988','http://www.foodsafetykorea.go.kr/uploadimg/cook/10_00385_1.png',5,13),(247,'다이어트국수','http://www.foodsafetykorea.go.kr/uploadimg/cook/20_00386_01.png```<p>1. 양파, 당근, 오이는 채 썰어준다.</p>```http://www.foodsafetykorea.go.kr/uploadimg/cook/20_00386_02.png```<p>2. 열무 물김치와 탄산수, 어간장을 넣어 국수\n국물을 만들어준다.</p>```http://www.foodsafetykorea.go.kr/uploadimg/cook/20_00386_03.png```<p>3. 달걀은 삶아준다.</p>```http://www.foodsafetykorea.go.kr/uploadimg/cook/20_00386_04.png```<p>4. 실곤약은 삶을 때 레몬즙을 넣어서 곤약의\n특이한 냄새를 제거한다.</p>```http://www.foodsafetykorea.go.kr/uploadimg/cook/20_00386_05.png```<p>5. 물기를 제거한 곤약에 어간장을 넣어 밑간을\n해준다.</p>```http://www.foodsafetykorea.go.kr/uploadimg/cook/20_00386_06.png```<p>6. 그릇에 담고 국물을 부어주고, 채소와 달걀을\n곁들여 완성한다.</p>','2022-10-05 02:06:42.054761','2022-10-06 22:37:31.947018','http://www.foodsafetykorea.go.kr/uploadimg/cook/10_00386_1.png',4,13),(248,'오징어구이','http://www.foodsafetykorea.go.kr/uploadimg/cook/20_00387_01.png```<p>1. 오징어는 솔방울 모양으로 잘라준다.</p>```http://www.foodsafetykorea.go.kr/uploadimg/cook/20_00387_02.png```<p>2. 미니 파프리카, 양파, 청홍고추는 적당한\n크기로 잘라준다.</p>```http://www.foodsafetykorea.go.kr/uploadimg/cook/20_00387_03.png```<p>3. 다진마늘을 볶다가 오징어를 넣어 볶는다.</p>```http://www.foodsafetykorea.go.kr/uploadimg/cook/20_00387_04.png```<p>4. 홀토마토와 양념장 재료를 넣어 볶는다.</p>```http://www.foodsafetykorea.go.kr/uploadimg/cook/20_00387_05.png```<p>5. 팬을 약간 태우는 듯 해서 불맛과 매운맛을\n더해준다.</p>```http://www.foodsafetykorea.go.kr/uploadimg/cook/20_00387_06.png```<p>6. 접시에 담아주고 볶은 현미를 뿌려 완성한다.</p>','2022-10-05 02:06:42.055910','2022-10-05 13:13:59.131265','http://www.foodsafetykorea.go.kr/uploadimg/cook/10_00387_1.png',3,13),(249,'배숙구이','http://www.foodsafetykorea.go.kr/uploadimg/cook/20_00388_01.png```<p>1. 뚜껑을 만들 배의 윗동을 자르고, 수저로\n배 속을 판다.</p>```http://www.foodsafetykorea.go.kr/uploadimg/cook/20_00388_02.png```<p>2. 탄산수와 생강청을 미리 30분 전에 섞어준다.</p>```http://www.foodsafetykorea.go.kr/uploadimg/cook/20_00388_03.png```<p>3. 방울토마토를 먹기 좋게 잘라준 후 속을 파낸\n배에 후르츠 칵테일과 방울토마토를 넣어준다.</p>```http://www.foodsafetykorea.go.kr/uploadimg/cook/20_00388_04.png```<p>4. 과일로 채워진 배에 미리 만든 생강탄산수를\n부어준다.</p>```http://www.foodsafetykorea.go.kr/uploadimg/cook/20_00388_05.png```<p>5. 배를 뚜껑을 덮어 호일로 싼 후 팬에 구워준다.</p>','2022-10-05 02:06:42.056677','2022-10-06 16:33:30.938543','http://www.foodsafetykorea.go.kr/uploadimg/cook/10_00388_1.png',3,13),(250,'웰빙스테이크','http://www.foodsafetykorea.go.kr/uploadimg/cook/20_00389_01.png```<p>1. 쇠고기는 칼집을 살짝 넣어준 후 건 바질을\n뿌려 1시간 정도 숙성시킨다.</p>```http://www.foodsafetykorea.go.kr/uploadimg/cook/20_00389_02.png```<p>2. 감자는 껍질을 벗긴 후 먹기 좋게 잘라 뜨거운\n물에 70% 정도 익혀준다.</p>```http://www.foodsafetykorea.go.kr/uploadimg/cook/20_00389_03.png```<p>3. 익혀준 감자를 버터를 살짝 바른 후 팬에\n파슬리가루를 뿌려 구워준다.</p>```http://www.foodsafetykorea.go.kr/uploadimg/cook/20_00389_04.png```<p>4. 시금치는 데쳐내 물기를 제거하고 다진 양파와\n함께 버터에 볶아준다.</p>```http://www.foodsafetykorea.go.kr/uploadimg/cook/20_00389_05.png```<p>5. 사과는 사방 1cm 크기로 자른 후 레몬즙을\n살짝 뿌려준 후 버터에 볶아 소스를 만들어\n준다.</p>```http://www.foodsafetykorea.go.kr/uploadimg/cook/20_00389_06.png```<p>6. 숙성된 소고기를 팬에 구워주고 곁들이 채소와\n소스를 완성한다.</p>','2022-10-05 02:06:42.077835','2022-10-06 17:34:32.274022','http://www.foodsafetykorea.go.kr/uploadimg/cook/10_00389_1.png',117,13),(253,'초코 스무디','https://ssafyb303.s3.ap-northeast-2.amazonaws.com/2b692134-c76d-4cd4-8182-3610a1181200.jpg```<p>초코 과자를 으깨서 믹서기 병에 담습니다.</p>```<p>그 위에 초코 분말 을 넣어줍니다.</p>```<p>그 위에 바닐라 아이스크림을 넣고 우유를 부어줍니다.</p>```<p></p>','2022-10-05 11:44:02.492206','2022-10-07 07:50:52.789105','https://ssafyb303.s3.ap-northeast-2.amazonaws.com/2b692134-c76d-4cd4-8182-3610a1181200.jpg',10,13),(254,'안 취하는 칵테일','https://ssafyb303.s3.ap-northeast-2.amazonaws.com/47b4e285-f4fa-4c56-8e84-83deabc2d111.jpg```<p>잔에 얼음을 채운다.</p>```<p>라임 슬라이스를 제외한 나머지 재료를 넣는다.</p>```<p>바 스푼으로 젓는다.</p>```<p>라임슬라이스를 넣는다.</p>','2022-10-05 11:49:32.335395','2022-10-06 17:25:27.893617','https://ssafyb303.s3.ap-northeast-2.amazonaws.com/47b4e285-f4fa-4c56-8e84-83deabc2d111.jpg',16,13),(255,'영양만점 샌드위치','https://ssafyb303.s3.ap-northeast-2.amazonaws.com/9712617a-97bc-4c8b-a406-27c4d7c63936.jpg```<p>양상추는 흐르는 물에 씻어 물기를 제거한다.</p>```<p>토마토는 얇게 썬다.</p>```<p>슬라이스 햄을 팬에 앞뒤로 살짝 구워준다.</p>```<p>계란은 노른자를 터뜨려 팬에 구워준다.</p>```<p>빵을 토스터기에 노릇하게 굽는다.</p>```<p>구워진 빵에 준비된 재료를 올리고 식빵으로 덮어주면 완성.</p>','2022-10-05 13:06:59.322785','2022-10-07 07:50:45.979300','https://ssafyb303.s3.ap-northeast-2.amazonaws.com/9712617a-97bc-4c8b-a406-27c4d7c63936.jpg',10,13),(256,'바삭하고 달콤한 마늘빵','https://ssafyb303.s3.ap-northeast-2.amazonaws.com/f8406cc5-02aa-42b9-a4ea-ba9019cdfd51.jpg```<p></p>```<p>버터를 녹여서 부드럽게 섞는다.</p>```<p>거기게 꿀과 마늘을 더해 섞는다. 그 후 파슬리도 넣는다.</p>```<p>만들어진 소스를 바게트에 발라준다.</p>```<p>200도 오븐에 5분에서 6분 정도 구워준다.</p>','2022-10-05 13:20:57.852264','2022-10-06 23:01:31.689848','https://ssafyb303.s3.ap-northeast-2.amazonaws.com/f8406cc5-02aa-42b9-a4ea-ba9019cdfd51.jpg',13,13),(257,'맛있는 열라면 끓이기','https://ssafyb303.s3.ap-northeast-2.amazonaws.com/c83682ae-be3e-49ab-a062-2797cb110efa.jpg```<p>물 500밀리리터에 건더기스프를 넣고 물을 끓인 후</p>```<p>분말스프를 넣고 면을 넣은 후, 4분간 더 끓입니다.</p>```<p>분말스프는 식성에 따라 적당량 넣어주시고</p>```<p>청양고추 20개를 썰어서 넣어줍니다.</p>```<p>대파 1개도 적당히 썰어서 넣습니다.</p>```<p>맛있게 먹습니다.</p>','2022-10-05 15:08:53.719737','2022-10-07 09:57:30.063433','https://ssafyb303.s3.ap-northeast-2.amazonaws.com/c83682ae-be3e-49ab-a062-2797cb110efa.jpg',143,12),(260,'스팸볶음밥','<p>레시피는 1인분 기준입니다. 2에서 3인분 그 이상을 원하신다면 준비물의 양을 배로 준비해주세요.</p>```<p>스팸은 작게 깍둑썰기하여 크기를 1센티미터 정도로 준비합니다.</p>```<p>양파도 작게 깍둑썰기하여 2센티미터 정도 길이로 준비합니다.</p>```<p>파는 0.5센티미터 이하로 얇게 썰어 준비합니다.</p>```<p>먼저 팬에 기름을 약간 두르고 파를 먼저 익혀 파기름을 냅니다.</p>```<p>냉동채소의 경우 파기름이 난 곳에다가 투하하여 잘 녹이고 볶아줍니다.</p>```<p>이후 스팸을 넣어 겉면이 약간 바삭해질때까지 볶습니다.</p>```<p>스팸이 잘 익었다면 양파를 넣어 양파의 색이 약간 갈변할 때까지 볶습니다.</p>```<p>다 되었다면 밥을 투하합니다. 이 때 국자로 밥을 꾹꾹 눌러 밥알 하나하나가 재료와 고루 섞여 고슬고슬해질 수 있도록 합니다.</p>```<p>재료와 밥을 고루 볶고 굴소스를 첨가하여 간을 맞춥니다.</p>```<p>완성입니다!</p>```https://ssafyb303.s3.ap-northeast-2.amazonaws.com/85f73423-8a87-4ad7-935c-af44adfed102.jpg','2022-10-06 16:37:46.931271','2022-10-07 10:08:20.284833','https://ssafyb303.s3.ap-northeast-2.amazonaws.com/85f73423-8a87-4ad7-935c-af44adfed102.jpg',25,14);
/*!40000 ALTER TABLE `recipe` ENABLE KEYS */;
UNLOCK TABLES;

--
-- Table structure for table `recipecomment`
--

DROP TABLE IF EXISTS `recipecomment`;
/*!40101 SET @saved_cs_client     = @@character_set_client */;
/*!50503 SET character_set_client = utf8mb4 */;
CREATE TABLE `recipecomment` (
  `id` int NOT NULL AUTO_INCREMENT,
  `content` varchar(500) NOT NULL,
  `created_at` datetime(6) NOT NULL DEFAULT CURRENT_TIMESTAMP(6),
  `updated_at` datetime(6) NOT NULL DEFAULT CURRENT_TIMESTAMP(6) ON UPDATE CURRENT_TIMESTAMP(6),
  `root` int NOT NULL DEFAULT '0',
  `group` int NOT NULL DEFAULT '0',
  `sequence` int NOT NULL DEFAULT '0',
  `recipe_id` int NOT NULL,
  `user_id` int NOT NULL,
  PRIMARY KEY (`id`),
  KEY `fk_recipeco_recipe_e442e2ab` (`recipe_id`),
  KEY `fk_recipeco_user_b2b857ce` (`user_id`),
  CONSTRAINT `fk_recipeco_recipe_e442e2ab` FOREIGN KEY (`recipe_id`) REFERENCES `recipe` (`id`) ON DELETE CASCADE,
  CONSTRAINT `fk_recipeco_user_b2b857ce` FOREIGN KEY (`user_id`) REFERENCES `user` (`id`) ON DELETE CASCADE
) ENGINE=InnoDB AUTO_INCREMENT=11 DEFAULT CHARSET=utf8mb4 COLLATE=utf8mb4_0900_ai_ci;
/*!40101 SET character_set_client = @saved_cs_client */;

--
-- Dumping data for table `recipecomment`
--

LOCK TABLES `recipecomment` WRITE;
/*!40000 ALTER TABLE `recipecomment` DISABLE KEYS */;
INSERT INTO `recipecomment` VALUES (1,'덕분에 가족들하고 좋은 시간 보냈습니다 ㅎㅎ','2022-10-04 13:22:02.209586','2022-10-04 13:22:02.209617',0,1,1,5,11),(4,'진짜 맛있어요!','2022-10-06 14:37:57.072257','2022-10-06 14:37:57.072286',0,1,1,257,12),(5,'열라면을 이렇게 끓일 수도 있군요? 좋은 방법입니다!','2022-10-06 16:30:32.551304','2022-10-06 16:30:32.551336',1,1,2,257,14),(6,'참 맛난 레시피같습니다! 좋아요~','2022-10-06 17:05:26.422721','2022-10-06 17:05:26.422752',0,1,1,243,14),(8,'체크','2022-10-06 22:23:51.885540','2022-10-06 22:23:51.885571',0,1,1,256,12),(9,'체크','2022-10-06 22:23:56.243300','2022-10-06 22:23:56.243337',1,1,2,256,12),(10,'와 스팸 볶음밥 진짜 맛있어보여요!','2022-10-06 22:55:29.950356','2022-10-06 22:55:29.950385',0,1,1,260,12);
/*!40000 ALTER TABLE `recipecomment` ENABLE KEYS */;
UNLOCK TABLES;

--
-- Table structure for table `recipeingredient`
--

DROP TABLE IF EXISTS `recipeingredient`;
/*!40101 SET @saved_cs_client     = @@character_set_client */;
/*!50503 SET character_set_client = utf8mb4 */;
CREATE TABLE `recipeingredient` (
  `id` int NOT NULL AUTO_INCREMENT,
  `amount` varchar(20) DEFAULT NULL,
  `ingredient_id` int NOT NULL,
  `recipe_id` int NOT NULL,
  PRIMARY KEY (`id`),
  KEY `fk_recipein_ingredie_ba3e53ed` (`ingredient_id`),
  KEY `fk_recipein_recipe_f922593f` (`recipe_id`),
  CONSTRAINT `fk_recipein_ingredie_ba3e53ed` FOREIGN KEY (`ingredient_id`) REFERENCES `ingredient` (`id`) ON DELETE CASCADE,
  CONSTRAINT `fk_recipein_recipe_f922593f` FOREIGN KEY (`recipe_id`) REFERENCES `recipe` (`id`) ON DELETE CASCADE
) ENGINE=InnoDB AUTO_INCREMENT=1590 DEFAULT CHARSET=utf8mb4 COLLATE=utf8mb4_0900_ai_ci;
/*!40101 SET character_set_client = @saved_cs_client */;

--
-- Dumping data for table `recipeingredient`
--

LOCK TABLES `recipeingredient` WRITE;
/*!40000 ALTER TABLE `recipeingredient` DISABLE KEYS */;
INSERT INTO `recipeingredient` VALUES (10,'160그램',20,5),(11,'200그램',21,5),(12,'2큰술',22,5),(13,'1/2개',23,5),(14,'2개',24,5),(15,'8톨',3,5),(16,'1큰술',25,5),(17,'5큰술',26,5),(18,'약간',27,5),(19,'약간',28,5),(20,'약간',29,5),(21,'2',30,6),(22,'2장',31,6),(23,'적당히',32,6),(24,'적당히',33,6),(25,'적당히',34,6),(26,'적당히',35,6),(27,'적당히',1,6),(34,'50g',6,103),(35,'우둔살 200g',7,106),(36,'200g',41,104),(37,'200g',42,105),(38,'200g',43,107),(39,'100g',44,108),(40,'5장',45,103),(41,'100g',46,106),(42,'50g',47,104),(43,'40g',48,105),(44,'100g',39,107),(45,'30g',49,108),(46,'30g',50,103),(47,'100g',39,106),(48,'100g',4,104),(49,'15g',51,107),(50,'30g',2,105),(51,'25g',52,108),(52,'30g',3,106),(53,'100g',53,103),(54,'1g',54,104),(55,'1g',28,107),(56,'50g',1,105),(57,'25g',55,108),(58,'50g',56,106),(59,'20g',2,103),(60,'1g',57,107),(61,'10g',25,104),(62,'된장 30g',58,108),(63,'45g',1,106),(64,'100g',59,105),(65,'50g',1,103),(66,'25g',60,104),(67,'2g',61,107),(68,'20g',25,105),(69,'220g',62,109),(70,'1/2개',63,103),(71,'1g',64,106),(72,'1g',65,104),(73,'10g',3,107),(74,'25g',23,105),(75,'10g',66,109),(76,'100g',67,103),(77,'15g',68,106),(78,'1g',64,105),(79,'25g',56,107),(80,'25g',69,109),(81,'200g',70,110),(82,'15g',10,106),(83,'2g',71,105),(84,'1g',13,107),(85,'25g',72,109),(86,': 밥 200g',73,111),(87,'100g',16,110),(88,'1g',74,105),(89,'2g',75,107),(90,'25g',76,109),(91,'160g',77,112),(92,'15g',78,111),(93,'50g',79,110),(94,'25g',80,109),(95,'120g',81,113),(96,'10g',68,112),(97,'15g',82,111),(98,'150g',83,114),(99,'60g',1,110),(100,'3g',64,109),(101,'5g',84,113),(102,'20g',85,112),(103,'20g',86,111),(104,'0.3g',27,114),(105,'버터15g',87,109),(106,'10g',88,113),(107,'현미 25g',89,110),(108,'20g',90,112),(109,'1g',64,111),(110,'0.02g',91,114),(111,'200g',9,109),(112,'20g',92,113),(113,'1g',64,110),(114,'15g',13,112),(115,'60g',93,111),(116,'20g',94,114),(117,'10g',10,109),(118,'20g',1,113),(119,'15g',95,110),(120,'15g',60,112),(121,'50g',96,111),(122,'20g',97,114),(123,'15g',95,109),(124,'20g',48,113),(125,'30g',76,111),(126,'1g',54,112),(127,'20g',98,114),(128,'150g',62,115),(129,'20g',99,113),(130,'15g',100,111),(131,'20g',26,114),(132,'100g',101,116),(133,'20g',102,115),(134,'30g',103,113),(135,'10g',78,111),(136,'10g',104,114),(137,'0.3g',27,116),(138,'50g',53,117),(139,'20g',2,115),(140,'20g',105,113),(141,'1g',28,111),(142,'20g',75,114),(143,'20g',106,116),(144,'20g',107,117),(145,'20g',1,115),(146,'20g',108,113),(147,'20g',109,111),(148,'20g',2,116),(149,'10g',25,117),(150,'150g',110,118),(151,'200g',111,113),(152,'5g',78,111),(153,'20g',38,115),(154,'20g',112,116),(155,'20g',1,117),(156,'0.3g',27,118),(157,'200g',113,113),(158,'15g',114,111),(159,'50g',115,115),(160,'50g',6,116),(161,'0.2g',91,118),(162,'10g',116,113),(163,'30g',117,117),(164,'15g',118,111),(165,'20g',94,115),(166,'20g',62,116),(167,'50g',93,118),(168,'10g',3,113),(169,'30g',99,117),(170,'50g',93,115),(171,'30g',119,116),(172,'20g',120,118),(173,'0.2g',27,113),(174,'0.1g',27,117),(175,'60g',105,119),(176,'250g',14,116),(177,'400g',111,115),(178,'20g',121,118),(179,'0.1g',91,113),(180,'0.02g',91,117),(181,'10g',25,119),(182,'400g',111,118),(183,'20g',102,117),(184,'120g',7,119),(185,'20g',10,118),(186,'100g',7,120),(187,'200g',113,117),(188,'150g',122,121),(189,'2g',57,119),(190,'3/4모',123,122),(191,'10g',124,118),(192,'100g',6,120),(193,'10g',125,121),(194,'2g',91,119),(195,'5마리',126,122),(196,'150g',41,123),(197,'50g',14,118),(198,'3알',127,120),(199,'0.5g',27,121),(200,'20g',10,119),(201,'1/2개',128,122),(202,'5g',47,118),(203,'0.3g',27,123),(204,'30g',1,120),(205,'0.2g',91,121),(206,'20g',2,119),(207,'1큰술',129,122),(208,'20g',130,118),(209,'20g',131,123),(210,'5g',25,121),(211,'20g',1,119),(212,'1작은술',132,122),(213,'1/4개',133,120),(214,'20g',134,118),(215,'10g',135,123),(216,'10g',136,121),(217,'1작은술',137,122),(218,'1/2개',63,120),(219,'20g',3,119),(220,'50g',138,123),(221,'20g',10,121),(222,'50g',139,124),(223,'1/4개',70,120),(224,'10g',4,119),(225,'20g',23,123),(226,'20g',102,121),(227,'50g',140,125),(228,'20g',112,124),(229,'1뿌리',141,120),(230,'20g',142,119),(231,'20g',1,121),(232,'100g',110,125),(233,'100g',143,124),(234,'5개',144,120),(235,'120g',110,126),(236,'20g',112,119),(237,'20g',145,125),(238,'10g',26,124),(239,'5장',146,120),(240,'0.5g',27,126),(241,'20g',2,121),(242,'30g',147,119),(243,'20g',148,125),(244,'20g',1,124),(245,'0.1g',91,126),(246,'20g',10,120),(247,'20g',99,125),(248,'20g',2,124),(249,'5g',47,126),(250,'0.2g',27,120),(251,'100g',149,127),(252,'50g',150,128),(253,'20g',63,125),(254,'50g',39,124),(255,'50g',9,126),(256,'0.01g',91,120),(257,'20g',1,127),(258,'100g',151,128),(259,'20g',1,125),(260,'400g',113,124),(261,'20g',38,126),(262,'20g',152,128),(263,'10g',10,124),(264,'20g',2,127),(265,'20g',139,126),(266,'10g',130,125),(267,'대',105,129),(268,'20g',2,128),(269,'10g',75,124),(270,'20g',50,127),(271,'20g',153,126),(272,'20g',9,125),(273,'3마리',154,129),(274,'50g',62,128),(275,'1장',155,124),(276,'50g',101,127),(277,'50g',9,126),(278,'20g',156,125),(279,'100g',157,129),(280,'10g',94,128),(281,'10g',4,127),(282,'20g',158,125),(283,'1마리',83,130),(284,'5g',25,128),(285,'30g',92,129),(286,'60g',85,131),(287,'10g',3,127),(288,'30g',2,130),(289,'10g',159,129),(290,'200g',113,128),(291,'10g',130,131),(292,'0.5g',27,127),(293,'안',6,132),(294,'30g',70,130),(295,'50g',102,129),(296,'3알',61,128),(297,'0.1g',160,131),(298,'10g',88,127),(299,'100g',161,132),(300,'1/2개',147,130),(301,'10g',26,129),(302,'30g',102,128),(303,'20g',162,131),(304,'10g',23,127),(305,'200g',53,132),(306,'50g',163,130),(307,'10g',164,128),(308,'5g',47,127),(309,'30g',165,132),(310,'1/4개',23,130),(311,'1마리',8,133),(312,'1마리',83,134),(313,'1/2개',63,132),(314,'5g',166,130),(315,'50g',167,133),(316,'50g',163,134),(317,'1/2개',168,135),(318,'1개',118,132),(319,'30g',116,130),(320,'가슴',8,136),(321,'1뿌리',141,133),(322,'30g',62,134),(323,'20g',169,135),(324,'20g',109,132),(325,'15g',170,130),(326,'150g',171,136),(327,'3알',127,133),(328,'20g',1,134),(329,'20g',172,135),(330,'50g',38,132),(331,'20g',2,133),(332,'대',105,136),(333,'3개',173,137),(334,'1/2개',147,134),(335,'50g',99,135),(336,'20g',174,132),(337,'30g',1,133),(338,'3마리',154,136),(339,'200g',62,137),(340,'10g',175,135),(341,'1개',93,132),(342,'1/4개',70,134),(343,'20g',69,136),(344,'10g',176,137),(345,'30g',1,135),(346,'50g',38,133),(347,'5장',177,132),(348,'30g',2,134),(349,'5g',159,136),(350,'30g',2,137),(351,'20g',119,133),(352,'20g',12,132),(353,'10g',52,135),(354,'0.2g',27,134),(355,'3개',178,136),(356,'30g',1,137),(357,'5g',179,132),(358,'30g',180,133),(359,'0.01g',91,134),(360,'10g',181,135),(361,'1개',182,136),(362,'10g',13,132),(363,'20g',131,137),(364,'3마리',105,138),(365,'60g',183,139),(366,'10g',25,136),(367,'30g',62,140),(368,'50g',184,138),(369,'80g',185,139),(370,'0.2g',27,136),(371,'15g',145,140),(372,'5g',186,141),(373,'주재료 : 민어 50g',187,142),(374,'1/2개',63,138),(375,'30g',62,139),(376,'0.01g',91,136),(377,'8g',101,140),(378,'10g',25,141),(379,'양지15g',188,142),(380,'20g',2,138),(381,'15g',164,139),(382,'5g',189,140),(383,'30g',185,141),(384,'마늘 1.25g',190,142),(385,'2알',127,138),(386,'10g',1,139),(387,'50g',191,143),(388,'300g',14,140),(389,'50g',81,141),(390,'0.25g',28,142),(391,'100g',94,138),(392,'50g',192,143),(393,'5g',193,140),(394,'5g',97,141),(395,'8g',2,139),(396,'0.5g',179,142),(397,'50g',16,138),(398,'2g',181,143),(399,'3g',118,140),(400,'50g',9,141),(401,'5g',50,139),(402,'40g',90,142),(403,'10g',130,138),(404,'15g',194,143),(405,'3g',195,140),(406,'30g',196,141),(407,'700g',14,139),(408,'10g',10,138),(409,'50g',197,143),(410,'20g',63,142),(411,'마늘 3g',190,140),(412,'15g',79,141),(413,'0.75g',27,139),(414,'80g',198,143),(415,'0.2g',27,138),(416,'20g',199,142),(417,'0.5g',27,140),(418,'10g',3,141),(419,'0.3g',91,139),(420,'5g',200,143),(421,'고추 5g',201,142),(422,'10g',1,141),(423,'5g',202,144),(424,'10g',11,143),(425,'30g',203,145),(426,'2.5g',118,142),(427,'10g',99,144),(428,'17g',204,146),(429,'5g',179,143),(430,'10g',205,145),(431,'5g',206,141),(432,'10g',207,142),(433,'15g',92,144),(434,'17g',139,146),(435,'10g',208,145),(436,'5g',3,141),(437,'5g',4,142),(438,'150g',209,147),(439,'60g',210,144),(440,'10g',147,145),(441,'80g',81,146),(442,'0.5g',84,142),(443,'110g',205,147),(444,'10g',211,144),(445,'10g',39,145),(446,'27g',62,146),(447,'3g',212,148),(448,'300g',14,142),(449,'100g',139,147),(450,'10g',102,144),(451,'20g',213,145),(452,'17g',147,146),(453,'3g',214,148),(454,'46',210,147),(455,'0.1g',215,144),(456,'25g',14,145),(457,'34g',216,146),(458,'3g',217,148),(459,'',218,147),(460,'80g',219,149),(461,'3g',10,145),(462,'30g',178,146),(463,'20g',220,150),(464,'3g',221,148),(465,'10g',3,147),(466,'15g',1,149),(467,'5g',130,145),(468,'8g',222,146),(469,'2g',66,150),(470,'2g',66,148),(471,'20g',1,147),(472,'1g',57,145),(473,'5g',223,146),(474,'1g',175,150),(475,'8g',1,148),(476,'10g',2,149),(477,'1g',61,145),(478,'25g',224,146),(479,'60g',99,150),(480,'80g',225,147),(481,'5g',4,149),(482,'5g',226,148),(483,'5g',104,145),(484,'1g',227,146),(485,'40g',1,150),(486,'40g',228,147),(487,'3g',229,149),(488,'5g',230,148),(489,'10g',75,146),(490,'2g',27,147),(491,'20g',86,149),(492,'40g',231,151),(493,'10g',4,150),(494,'160g',232,148),(495,'60g',233,147),(496,'70g',234,149),(497,'30g',108,151),(498,'30g',81,150),(499,'16g',235,148),(500,'10g',236,152),(501,'5g',207,149),(502,'각 15g씩',237,151),(503,'1g',238,150),(504,'15g',1,148),(505,'20g',239,152),(506,'10g',240,149),(507,'20g',241,153),(508,'60g',242,151),(509,'110g',242,150),(510,'20g',243,152),(511,'2g',116,149),(512,'10g',63,148),(513,'12g',133,153),(514,'30g',244,151),(515,'1g',13,150),(516,'15g',182,152),(517,'0.6g',27,149),(518,'25g',245,148),(519,'15g',246,153),(520,'5g',247,151),(521,'10g',12,150),(522,'8g',1,152),(523,'0.5g',91,149),(524,'3g',248,148),(525,'10g',99,153),(526,'4g',10,151),(527,'2g',179,150),(528,'50g',242,152),(529,'우둔',188,153),(530,'8g',249,151),(531,'200g',9,152),(532,'100g',241,154),(533,'55g',241,155),(534,'',250,153),(535,'3g',251,151),(536,'100g',102,152),(537,'3g',175,154),(538,'200g',103,156),(539,'40g',33,155),(540,'20g',252,153),(541,'5g',155,152),(542,'60g',253,154),(543,'20g',109,156),(544,'5g',254,155),(545,'8g',177,153),(546,'50g',90,157),(547,'5g',255,152),(548,'20g',4,154),(549,'25g',1,156),(550,'20g',99,155),(551,'30g',93,153),(552,'25g',85,157),(553,'8g',71,152),(554,'5g',256,154),(555,'5g',257,155),(556,'10g',227,153),(557,'20g',2,156),(558,'25g',148,157),(559,'3g',258,154),(560,'5g',75,155),(561,'1마리',8,158),(562,'15g',116,153),(563,'60g',5,156),(564,'30g',133,157),(565,'8g',259,154),(566,'15g',138,155),(567,'10g',260,158),(568,'26g',14,153),(569,'15g',60,156),(570,'2g',74,157),(571,'3g',261,154),(572,'1g',262,155),(573,'20g',4,158),(574,'5g',263,153),(575,'10g',75,156),(576,'15g',60,157),(577,'10g',181,158),(578,'5장',264,159),(579,'5g',265,153),(580,'10g',75,156),(581,'200g',266,160),(582,'1g',74,157),(583,'100g',267,158),(584,'가슴',8,159),(585,'10g',60,156),(586,'100g',268,160),(587,'10g',229,157),(588,'150g',269,161),(589,'30g',270,158),(590,'120g',271,159),(591,'3g',54,156),(592,'20g',109,160),(593,'50g',55,161),(594,'10g',272,158),(595,'200g',85,162),(596,'100g',273,159),(597,'15g',114,160),(598,'통조림 100g',246,161),(599,'0.3g',27,158),(600,'250g',274,163),(601,'60g',1,162),(602,'3알',127,159),(603,'10g',275,160),(604,'60g',1,161),(605,'0.01g',91,158),(606,'50g',276,163),(607,'1뿌리',141,159),(608,'10g',80,160),(609,'50g',1,158),(610,'15g',114,161),(611,'40g',38,162),(612,'20g',109,163),(613,'0.2g',27,159),(614,'15g',170,160),(615,'20g',277,161),(616,'60g',278,162),(617,'25g',279,163),(618,'10g',280,158),(619,'0.01g',91,159),(620,'25g',90,160),(621,'15g',3,161),(622,'2g',107,162),(623,'30g',90,163),(624,'20g',130,158),(625,'20g',229,160),(626,'60g',5,161),(627,'2g',17,162),(628,'1g',74,163),(629,'15g',78,160),(630,'20g',10,158),(631,'30g',51,161),(632,'5g',10,162),(633,'100g',281,164),(634,'1g',74,163),(635,'1g',282,161),(636,'15g',130,162),(637,'100g',283,164),(638,'150g',284,165),(639,'15g',60,163),(640,'150g',284,166),(641,'15g',78,161),(642,'20g',285,164),(643,'2g',57,165),(644,'1g',64,163),(645,'50g',142,166),(646,'300g',101,167),(647,'10g',54,161),(648,'20g',286,164),(649,'1개',287,165),(650,'15g',170,163),(651,'5g',29,166),(652,'50g',288,167),(653,'10g',289,164),(654,'5g',29,165),(655,'15g',275,163),(656,'200g',290,168),(657,'20g',291,166),(658,'60g',5,167),(659,'10g',292,164),(660,'50g',293,165),(661,'7g',294,163),(662,'80g',1,168),(663,'1개',295,166),(664,'2g',64,167),(665,'1개',173,164),(666,'20g',26,165),(667,'10g',54,163),(668,'15g',141,167),(669,'10g',3,164),(670,'0.5',91,165),(671,'20g',114,168),(672,'30g',62,167),(673,'80g',103,169),(674,'20g',118,168),(675,'10g',114,167),(676,'100g',296,169),(677,'200g',297,170),(678,'60g',151,171),(679,'30g',130,168),(680,'200g',168,172),(681,'15g',118,167),(682,'50g',55,169),(683,'60g',1,170),(684,'20g',298,171),(685,'10g',10,168),(686,'100g',299,172),(687,'15g',51,167),(688,'560g',1,169),(689,'토마토 15g',300,171),(690,'30g',60,168),(691,'25g',109,172),(692,'17g',114,170),(693,'1g',64,167),(694,'50g',1,171),(695,'15g',252,168),(696,'60g',1,172),(697,'17g',118,170),(698,'17g',118,169),(699,'15g',51,167),(700,'30g',170,168),(701,'15g',4,170),(702,'미니파프리카 70g',301,171),(703,'15g',114,172),(704,'60g',5,169),(705,'15g',248,167),(706,'20g',109,170),(707,'15g',302,171),(708,'15g',118,172),(709,'15g',170,169),(710,'200g',274,173),(711,'30g',130,167),(712,'10g',60,170),(713,'100ml',88,171),(714,'10g',4,172),(715,'15g',116,169),(716,'60g',90,173),(717,'5g',158,167),(718,'10g',13,170),(719,'0.5g',303,171),(720,'15g',60,172),(721,'15g',275,169),(722,'60g',62,173),(723,'30g',304,167),(724,'5g',54,170),(725,'15g',116,172),(726,'7g',80,169),(727,'15g',1,173),(728,'2g',40,167),(729,'100g',305,174),(730,'5g',275,170),(731,'15g',275,172),(732,'50g',110,174),(733,'30g',229,173),(734,'15g',306,172),(735,'150g',63,175),(736,'1g',61,174),(737,'25g',307,173),(738,'100g',15,176),(739,'100g',105,177),(740,'0.5g',27,175),(741,'20g',70,174),(742,'15g',179,173),(743,'100g',208,176),(744,'0.3g',27,177),(745,'100g',308,178),(746,'20g',1,175),(747,'20g',99,174),(748,'15g',116,173),(749,'30g',309,176),(750,'0.02g',91,177),(751,'100g',103,178),(752,'20g',139,174),(753,'1g',64,173),(754,'20g',298,176),(755,'50g',93,177),(756,'10g',4,175),(757,'10g',189,178),(758,'10g',298,174),(759,'20g',124,176),(760,'50g',310,177),(761,'20g',248,175),(762,'10g',33,178),(763,'20g',102,174),(764,'100g',110,179),(765,'200g',111,177),(766,'5g',265,175),(767,'10g',298,178),(768,'20g',309,174),(769,'5g',57,179),(770,'10g',10,177),(771,'2개',296,180),(772,'20g',52,175),(773,'10g',130,178),(774,'5g',130,174),(775,'20g',1,179),(776,'10g',130,177),(777,'3마리',105,180),(778,'10g',10,178),(779,'10g',10,174),(780,'5g',153,174),(781,'30g',92,180),(782,'10g',23,178),(783,'0.5g',27,179),(784,'10g',17,174),(785,'100g',110,181),(786,'20g',311,180),(787,'70g',7,182),(788,'20g',1,178),(789,'30g',38,179),(790,'0.5g',160,181),(791,'1/4개',23,180),(792,'10g',116,182),(793,'150g',312,183),(794,'10g',3,178),(795,'30g',99,179),(796,'0.3g',91,181),(797,'20g',10,180),(798,'10g',265,182),(799,'10g',47,183),(800,'30g',2,179),(801,'10g',135,181),(802,'0.1g',27,180),(803,'10g',10,182),(804,'10g',88,183),(805,'30g',134,179),(806,'100g',43,184),(807,'80g',197,181),(808,'10g',131,180),(809,'20g',38,182),(810,'10g',134,183),(811,'20g',135,179),(812,'5g',47,184),(813,'30g',50,181),(814,'60g',313,180),(815,'20g',314,182),(816,'10g',94,183),(817,'10g',13,179),(818,'10g',88,184),(819,'10g',66,181),(820,'20g',148,182),(821,'10g',119,183),(822,'20g',10,179),(823,'50g',147,184),(824,'20g',315,181),(825,'20g',86,182),(826,'120g',103,185),(827,'50g',93,183),(828,'20g',1,184),(829,'10g',75,179),(830,'20g',2,181),(831,'5g',316,182),(832,'10g',94,185),(833,'20g',317,183),(834,'50g',94,182),(835,'20g',1,181),(836,'10g',66,184),(837,'10g',130,185),(838,'10g',10,183),(839,'0.5g',27,182),(840,'20g',145,184),(841,'20g',156,181),(842,'150g',81,186),(843,'30g',109,185),(844,'10g',130,183),(845,'20g',318,182),(846,'10g',4,184),(847,'10g',88,186),(848,'10g',104,181),(849,'10g',118,185),(850,'20g',26,182),(851,'5g',179,184),(852,'20g',119,186),(853,'10g',75,181),(854,'20g',216,185),(855,'100g',43,187),(856,'10g',17,184),(857,'20g',130,182),(858,'200g',111,186),(859,'20g',90,185),(860,'20g',88,187),(861,'5g',54,184),(862,'0.5g',27,182),(863,'20g',102,186),(864,'5g',166,185),(865,'120g',319,188),(866,'0.5g',27,187),(867,'20g',275,184),(868,'20g',197,186),(869,'20g',10,185),(870,'0.3g',27,188),(871,'30g',116,184),(872,'0.05g',91,187),(873,'150g',151,189),(874,'10g',130,185),(875,'0.1g',91,184),(876,'50g',134,188),(877,'20g',320,187),(878,'50g',1,189),(879,'0.5g',27,185),(880,'200g',321,190),(881,'10g',10,184),(882,'300g',111,188),(883,'50g',53,187),(884,'1/3개',63,190),(885,'100g',139,189),(886,'20g',322,188),(887,'30g',1,187),(888,'20g',2,190),(889,'100g',151,191),(890,'20g',10,188),(891,'50g',99,189),(892,'30g',1,190),(893,'150g',53,191),(894,'200g',16,192),(895,'20g',38,188),(896,'20g',3,189),(897,'30g',99,187),(898,'20g',2,191),(899,'10g',323,192),(900,'20g',2,188),(901,'30g',152,189),(902,'20g',182,187),(903,'10g',3,190),(904,'3장',173,191),(905,'10g',169,192),(906,'20g',324,188),(907,'1/4개',23,189),(908,'20g',173,187),(909,'1장',177,190),(910,'10g',325,191),(911,'5알',127,192),(912,'물 10g',326,188),(913,'0.3g',27,189),(914,'5g',66,187),(915,'150g',53,190),(916,'5g',29,191),(917,'20g',327,192),(918,'20g',102,189),(919,'10g',189,187),(920,'0.01g',91,190),(921,'10g',130,191),(922,'50g',104,192),(923,'120g',7,193),(924,'50g',328,189),(925,'10g',130,187),(926,'10g',135,190),(927,'20g',10,191),(928,'50g',131,192),(929,'1개',93,193),(930,'20g',25,189),(931,'10g',23,187),(932,'10알',17,192),(933,'가슴',8,193),(934,'0.5g',27,187),(935,'100g',53,194),(936,'100g',305,195),(937,'100g',161,193),(938,'20g',329,187),(939,'1개',296,194),(940,'20g',40,195),(941,'다',8,196),(942,'50g',109,193),(943,'150g',276,197),(944,'20g',2,194),(945,'20g',153,195),(946,'2개',330,196),(947,'1개',118,193),(948,'1개',331,198),(949,'50g',50,197),(950,'30g',1,194),(951,'50g',99,195),(952,'50g',1,196),(953,'0.3g',27,193),(954,'50g',332,198),(955,'30g',1,197),(956,'20g',333,195),(957,'3개',334,194),(958,'20g',335,198),(959,'50g',99,196),(960,'0.01g',91,193),(961,'20g',10,195),(962,'10g',26,194),(963,'20g',2,197),(964,'50g',139,198),(965,'20g',116,193),(966,'20g',314,196),(967,'10g',130,195),(968,'0.2g',27,194),(969,'10g',189,197),(970,'20g',336,198),(971,'20g',10,193),(972,'30g',3,196),(973,'30g',337,195),(974,'0.01g',91,194),(975,'0.3g',27,197),(976,'20g',26,198),(977,'10g',130,193),(978,'20g',280,196),(979,'20g',135,197),(980,'살치',7,199),(981,'20g',4,196),(982,'0.3g',27,196),(983,'100g',184,200),(984,'120g',271,199),(985,'120g',8,201),(986,'홍두깨',7,202),(987,'50g',99,199),(988,'3마리',105,200),(989,'10g',130,196),(990,'1마리',8,203),(991,'150g',171,202),(992,'100g',338,199),(993,'1뿌리',141,201),(994,'50g',139,200),(995,'100g',339,202),(996,'3장',66,199),(997,'1뿌리',141,203),(998,'30g',109,201),(999,'3마리',340,204),(1000,'30g',1,200),(1001,'1/2개',205,202),(1002,'3개',178,199),(1003,'50g',273,203),(1004,'2알',127,201),(1005,'100g',53,204),(1006,'20g',3,202),(1007,'50g',1,199),(1008,'10알',127,203),(1009,'20g',48,200),(1010,'20g',2,204),(1011,'0.2g',27,201),(1012,'1개',93,202),(1013,'30g',3,203),(1014,'100g',269,200),(1015,'20g',104,199),(1016,'2장',66,204),(1017,'0.01g',91,201),(1018,'1/8개',23,202),(1019,'30g',1,203),(1020,'1개',93,200),(1021,'10g',130,199),(1022,'30g',1,204),(1023,'20g',341,202),(1024,'0.2g',27,199),(1025,'10g',298,200),(1026,'10알',61,203),(1027,'100g',7,205),(1028,'2알',127,204),(1029,'0.3g',27,202),(1030,'1/4개',23,200),(1031,'10g',116,203),(1032,'3g',26,199),(1033,'100g',6,205),(1034,'1개',114,204),(1035,'5g',179,202),(1036,'20g',342,200),(1037,'2개',173,205),(1038,'10g',189,204),(1039,'80g',343,206),(1040,'200g',36,207),(1041,'100g',344,205),(1042,'10g',3,204),(1043,'100g',345,208),(1044,'10g',346,206),(1045,'100g',343,209),(1046,'60g',62,205),(1047,'120g',37,207),(1048,'10g',116,204),(1049,'20g',214,208),(1050,'100g',8,206),(1051,'30g',347,209),(1052,'3장',66,205),(1053,'30g',38,207),(1054,'10g',135,204),(1055,'20g',348,208),(1056,'10g',127,206),(1057,'30g',62,209),(1058,'1/3개',63,205),(1059,'1개',39,207),(1060,'100g',139,208),(1061,'20g',349,206),(1062,'15g',15,209),(1063,'20g',3,205),(1064,'100g',350,210),(1065,'10g',17,207),(1066,'10g',298,208),(1067,'10g',2,206),(1068,'15g',1,209),(1069,'20g',10,205),(1070,'5g',178,210),(1071,'5g',40,207),(1072,'20g',116,208),(1073,'15g',259,206),(1074,'0.2g',27,205),(1075,'10g',182,210),(1076,'15g',85,209),(1077,'10g',130,208),(1078,'20g',116,205),(1079,'40g',93,210),(1080,'15g',63,209),(1081,'10g',280,208),(1082,'20g',351,210),(1083,'30g',352,211),(1084,'60g',353,212),(1085,'15g',354,209),(1086,'10g',355,213),(1087,'15g',103,210),(1088,'50g',356,211),(1089,'20g',219,214),(1090,'30g',63,212),(1091,'3g',3,209),(1092,'100g',308,213),(1093,'10g',354,210),(1094,'15g',226,211),(1095,'10g',1,214),(1096,'20g',109,212),(1097,'5g',92,209),(1098,'100g',332,213),(1099,'5g',109,210),(1100,'60g',253,211),(1101,'3g',229,212),(1102,'10g',214,209),(1103,'0.2g',91,213),(1104,'10g',2,214),(1105,'5g',357,211),(1106,'60g',101,212),(1107,'5g',109,209),(1108,'10g',265,213),(1109,'100g',191,215),(1110,'5g',216,214),(1111,'5g',3,211),(1112,'2g',196,209),(1113,'20g',179,212),(1114,'2g',11,213),(1115,'30g',358,215),(1116,'20g',81,214),(1117,'50g',188,211),(1118,'10g',262,209),(1119,'10g',145,212),(1120,'5g',359,215),(1121,'8g',248,209),(1122,'10g',79,214),(1123,'10g',360,216),(1124,'50g',93,212),(1125,'50g',93,215),(1126,'80g',361,217),(1127,'15g',362,216),(1128,'20g',39,214),(1129,'40g',90,212),(1130,'2g',40,215),(1131,'20g',9,217),(1132,'10g',363,218),(1133,'1g',91,216),(1134,'15g',224,214),(1135,'5g',4,212),(1136,'2g',130,215),(1137,'10g',70,217),(1138,'6g',66,218),(1139,'7g',179,216),(1140,'20g',364,214),(1141,'10g',1,212),(1142,'5g',182,217),(1143,'6g',365,218),(1144,'30g',94,216),(1145,'3g',366,214),(1146,'200g',343,219),(1147,'15g',147,217),(1148,'3g',179,218),(1149,'3g',367,212),(1150,'10g',246,216),(1151,'15g',119,214),(1152,'30g',368,219),(1153,'15g',369,217),(1154,'4g',262,218),(1155,'10g',370,212),(1156,'10g',50,216),(1157,'5g',371,219),(1158,'10g',1,217),(1159,'100g',372,220),(1160,'3g',109,218),(1161,'10g',170,212),(1162,'7g',373,216),(1163,'20g',325,219),(1164,'50g',101,220),(1165,'4g',262,218),(1166,'300g',14,212),(1167,'20g',374,217),(1168,'7g',375,216),(1169,'3g',40,219),(1170,'20g',86,220),(1171,'100g',269,218),(1172,'20g',34,217),(1173,'10g',130,216),(1174,'20g',35,219),(1175,'4g',226,220),(1176,'60g',376,221),(1177,'3g',40,218),(1178,'15g',10,216),(1179,'150g',269,217),(1180,'60g',377,219),(1181,'20g',276,220),(1182,'30g',346,221),(1183,'14g',318,218),(1184,'10g',215,217),(1185,'20g',337,219),(1186,'140g',356,220),(1187,'80g',93,221),(1188,'14g',378,218),(1189,'20g',179,217),(1190,'5g',14,219),(1191,'20g',207,220),(1192,'15g',369,221),(1193,'150g',14,218),(1194,'15g',379,222),(1195,'5g',11,217),(1196,'15g',380,219),(1197,'5g',181,220),(1198,'15g',147,221),(1199,'14g',289,218),(1200,'15g',246,222),(1201,'12g',337,217),(1202,'20g',4,220),(1203,'25g',381,221),(1204,'4g',265,218),(1205,'30g',93,222),(1206,'5g',104,217),(1207,'10g',370,220),(1208,'2g',382,221),(1209,'4g',200,218),(1210,'30g',383,223),(1211,'2g',384,217),(1212,'300g',14,220),(1213,'2g',371,222),(1214,'3g',254,221),(1215,'76g',245,218),(1216,'30g',216,223),(1217,'5g',196,220),(1218,'150g',269,222),(1219,'5g',262,221),(1220,'30g',1,223),(1221,'12g',381,222),(1222,'130g',385,224),(1223,'8g',386,221),(1224,'40g',353,225),(1225,'100g',269,223),(1226,'2.5g',337,222),(1227,'소고기 150g',387,226),(1228,'30g',99,224),(1229,'2g',57,221),(1230,'10g',197,225),(1231,'20g',337,223),(1232,'0.5g',10,222),(1233,'돼지고기 150g',387,226),(1234,'20g',2,224),(1235,'5g',104,221),(1236,'30g',174,225),(1237,'10g',130,223),(1238,'25g',2,226),(1239,'5g',388,221),(1240,'30g',216,224),(1241,'30g',389,225),(1242,'15g',390,223),(1243,'250g',391,227),(1244,'20g',182,226),(1245,'200g',269,224),(1246,'20g',392,225),(1247,'60g',342,223),(1248,'10g',289,227),(1249,'150g',53,228),(1250,'60g',253,224),(1251,'25g',1,226),(1252,'5g',316,225),(1253,'50g',227,223),(1254,'2g',61,227),(1255,'100g',393,228),(1256,'50g',93,224),(1257,'5g',3,225),(1258,'15g',75,223),(1259,'10g',86,227),(1260,'25g',394,228),(1261,'10g',48,226),(1262,'2g',371,224),(1263,'0.1g',91,225),(1264,'10g',11,223),(1265,'20g',2,227),(1266,'300g',14,228),(1267,'10g',4,226),(1268,'20g',66,224),(1269,'0.1g',27,225),(1270,'10g',265,223),(1271,'30g',395,227),(1272,'15g',179,228),(1273,'15g',179,226),(1274,'30g',182,224),(1275,'1g',179,225),(1276,'10g',104,223),(1277,'20g',108,227),(1278,'1g',64,228),(1279,'5g',54,226),(1280,'3g',12,224),(1281,'5g',40,223),(1282,'25g',389,227),(1283,'15g',275,228),(1284,'1g',74,226),(1285,'15g',252,224),(1286,'25g',1,228),(1287,'20g',229,227),(1288,'50g',20,229),(1289,'15g',10,226),(1290,'200g',396,230),(1291,'300g',14,227),(1292,'25g',38,228),(1293,'100g',397,229),(1294,'1g',64,226),(1295,'100g',53,231),(1296,'10g',398,230),(1297,'5g',275,227),(1298,'25g',2,228),(1299,'20g',38,229),(1300,'10g',399,231),(1301,'20g',62,230),(1302,'5g',400,227),(1303,'25g',401,228),(1304,'각각 15g',402,229),(1305,'100g',296,232),(1306,'20g',145,231),(1307,'25g',1,230),(1308,'15g',130,227),(1309,'25g',279,228),(1310,'30g',1,229),(1311,'15g',2,232),(1312,'15g',179,231),(1313,'5g',403,227),(1314,'10g',66,228),(1315,'15g',114,230),(1316,'25g',2,229),(1317,'10g',404,232),(1318,'15g',289,231),(1319,'20g',1,228),(1320,'4g',127,230),(1321,'2g',54,229),(1322,'3g',153,232),(1323,'5g',405,231),(1324,'200g',103,233),(1325,'20g',2,230),(1326,'15g',406,228),(1327,'30g',229,229),(1328,'15g',179,232),(1329,'5g',407,231),(1330,'30g',90,233),(1331,'25g,\n양념장 : 맛간장 30g',46,230),(1332,'15g',275,228),(1333,'15g',170,232),(1334,'2g',275,231),(1335,'50g',1,233),(1336,'5g',275,230),(1337,'150g',408,234),(1338,'2g',64,232),(1339,'15g',179,231),(1340,'5g',80,230),(1341,'20g',409,234),(1342,'20g',4,233),(1343,'2g',54,231),(1344,'15g',60,230),(1345,'15g',118,234),(1346,'20g',109,233),(1347,'도토리묵',410,235),(1348,'20g',354,236),(1349,'1g',28,230),(1350,'60g',1,234),(1351,'25g',70,233),(1352,'올방개묵',411,235),(1353,'100g',412,237),(1354,'20g',85,236),(1355,'15g',158,230),(1356,'25g',114,233),(1357,'각각 25g',413,235),(1358,'100g',103,237),(1359,'20g',62,236),(1360,'2g',316,234),(1361,'1g',54,230),(1362,'20g',229,233),(1363,'55g',5,235),(1364,'150g',356,237),(1365,'10g',114,236),(1366,'25g',414,234),(1367,'10g',3,233),(1368,'30g',276,235),(1369,'50g',90,237),(1370,'10g',1,236),(1371,'15g',78,234),(1372,'10g',415,238),(1373,'1g',64,233),(1374,'10g',3,235),(1375,'10g',3,237),(1376,'15g',416,234),(1377,'50g',101,238),(1378,'10g',2,236),(1379,'10g',4,235),(1380,'40g',1,237),(1381,'10g',294,234),(1382,'10g',276,238),(1383,'30g',417,239),(1384,'70g',38,236),(1385,'15g',1,235),(1386,'2g',418,234),(1387,'20g',109,238),(1388,'100g',9,239),(1389,'50g',101,237),(1390,'1g',54,236),(1391,'15g',78,235),(1392,'50g',6,238),(1393,'50g',267,239),(1394,'5g',179,237),(1395,'15g',78,236),(1396,'1g',64,235),(1397,'10g',419,238),(1398,'55g',417,240),(1399,'30g',1,239),(1400,'50g',420,237),(1401,'5g',179,236),(1402,'2g',418,235),(1403,'30g',421,238),(1404,'35g',63,240),(1405,'10g',86,237),(1406,'15g',51,236),(1407,'25g',145,239),(1408,'30g',1,238),(1409,'40g',101,240),(1410,'10g',370,237),(1411,'100g',353,241),(1412,'2g',74,236),(1413,'30g',86,239),(1414,'40g',86,240),(1415,'300g',14,237),(1416,'20g',2,241),(1417,'20g',4,238),(1418,'5g',229,239),(1419,'10g',229,240),(1420,'6g',226,241),(1421,'5g',367,238),(1422,'5g',226,239),(1423,'5g',181,240),(1424,'40g',422,242),(1425,'10g',263,238),(1426,'백',423,243),(1427,'6g',4,241),(1428,'30g',62,239),(1429,'7g',207,240),(1430,'2g',370,242),(1431,'0.1g',91,238),(1432,'30g',424,243),(1433,'40g',101,239),(1434,'1g',13,240),(1435,'4g',207,241),(1436,'10g',173,242),(1437,'0.1',27,238),(1438,'10g',145,243),(1439,'30g',63,239),(1440,'5g',265,240),(1441,'14g',173,241),(1442,'40g',145,242),(1443,'10g',173,243),(1444,'3g',66,239),(1445,'5g',12,240),(1446,'40g',356,241),(1447,'20g',90,242),(1448,'20g',63,243),(1449,'10g',425,244),(1450,'10g',207,239),(1451,'40g',86,241),(1452,'10g',109,242),(1453,'40g',63,244),(1454,'5g',4,243),(1455,'5g',263,239),(1456,'40g',389,241),(1457,'3g',4,242),(1458,'40g',62,244),(1459,'2g',226,243),(1460,'40g',426,245),(1461,'5g',265,239),(1462,'40g',427,241),(1463,'2g',226,242),(1464,'10g',1,244),(1465,'2g',230,243),(1466,'20g',173,245),(1467,'1g',91,239),(1468,'20g',127,241),(1469,'100g',428,242),(1470,'30g',393,243),(1471,'1g',226,245),(1472,'10g',94,239),(1473,'30g',429,241),(1474,'10g',109,244),(1475,'10g',196,242),(1476,'25g',105,243),(1477,'2g',229,245),(1478,'20g',430,239),(1479,'20g',279,241),(1480,'3g',4,244),(1481,'1.5g',431,242),(1482,'120g',428,243),(1483,'40g',196,245),(1484,'5g',181,239),(1485,'20g',13,241),(1486,'3g',229,244),(1487,'0.5g',27,242),(1488,'1g',370,243),(1489,'150g',428,245),(1490,'5g',432,241),(1491,'150g',428,244),(1492,'250g',14,243),(1493,'5g',433,241),(1494,'200g',59,246),(1495,'3g',434,244),(1496,'3g',265,241),(1497,'100g',139,246),(1498,'5g',16,244),(1499,'30g',76,246),(1500,'1g',265,244),(1501,'200g',267,247),(1502,'300g',184,248),(1503,'750g',133,249),(1504,'10g',196,244),(1505,'20g',275,246),(1506,'200g',435,247),(1507,'40g',436,248),(1508,'150g',437,249),(1509,'240g',438,250),(1510,'25g',439,246),(1511,'25g',38,247),(1512,'50g',1,248),(1513,'50g',60,249),(1514,'50g',92,250),(1515,'25g',34,246),(1516,'1개(60g)\n당근 20g',93,247),(1517,'60g',39,249),(1518,'15g',114,248),(1519,'15g',3,250),(1520,'1g',74,246),(1521,'50g',1,247),(1522,'200g',440,249),(1523,'15g',118,248),(1524,'50g',1,250),(1525,'30g',26,246),(1526,'15g',13,248),(1527,'3g',54,247),(1528,'20g',147,246),(1529,'2g',441,250),(1530,'50g',59,248),(1531,'15g',75,247),(1532,'파프리카 20g',301,246),(1533,'25g',23,250),(1534,'15g',12,248),(1535,'5g',68,247),(1536,'20g',63,246),(1537,'1g',71,250),(1538,'15g',10,248),(1539,'1g',28,248),(1540,'80g',148,250),(1541,'15g',179,248),(1542,'15g',25,250),(1545,'7개',443,253),(1546,'1컵',9,253),(1547,'2숟갈',444,253),(1548,'2숟갈',445,253),(1549,'50ml',446,254),(1550,'100ml',447,254),(1551,'반개',448,254),(1552,'2개',449,255),(1553,'1개',139,255),(1554,'2장',450,255),(1555,'1개',5,255),(1556,'1장',451,255),(1557,'적당히',33,255),(1558,'3조각',452,256),(1559,'1/2개',3,256),(1560,'조금',29,256),(1561,'30g',25,256),(1562,'조금',104,256),(1563,'1봉',453,257),(1564,'20개',229,257),(1565,'2개',4,257),(1566,'1개',5,257),(1580,'200g',269,260),(1581,'130g(작은 캔)',454,260),(1582,'1/2개',1,260),(1583,'1/4 단',4,260),(1584,'약간',455,260),(1585,'약간',457,260),(1586,'약간',458,260);
/*!40000 ALTER TABLE `recipeingredient` ENABLE KEYS */;
UNLOCK TABLES;

--
-- Table structure for table `recipetag`
--

DROP TABLE IF EXISTS `recipetag`;
/*!40101 SET @saved_cs_client     = @@character_set_client */;
/*!50503 SET character_set_client = utf8mb4 */;
CREATE TABLE `recipetag` (
  `recipe_id` int NOT NULL,
  `tag_id` int NOT NULL,
  KEY `recipe_id` (`recipe_id`),
  KEY `tag_id` (`tag_id`),
  CONSTRAINT `recipetag_ibfk_1` FOREIGN KEY (`recipe_id`) REFERENCES `recipe` (`id`) ON DELETE CASCADE,
  CONSTRAINT `recipetag_ibfk_2` FOREIGN KEY (`tag_id`) REFERENCES `tag` (`id`) ON DELETE CASCADE
) ENGINE=InnoDB DEFAULT CHARSET=utf8mb4 COLLATE=utf8mb4_0900_ai_ci COMMENT='레시피 관련 태그';
/*!40101 SET character_set_client = @saved_cs_client */;

--
-- Dumping data for table `recipetag`
--

LOCK TABLES `recipetag` WRITE;
/*!40000 ALTER TABLE `recipetag` DISABLE KEYS */;
INSERT INTO `recipetag` VALUES (5,3),(5,3),(6,2),(6,8),(108,3),(104,12),(103,11),(106,6),(105,11),(107,4),(110,1),(109,4),(112,12),(114,2),(111,5),(116,5),(115,1),(113,2),(117,2),(118,4),(122,1),(123,4),(121,6),(119,2),(120,4),(124,2),(126,2),(125,7),(129,2),(131,10),(128,2),(127,12),(130,2),(133,1),(134,2),(135,10),(137,2),(132,5),(136,2),(138,12),(140,1),(139,3),(143,3),(141,7),(144,12),(145,2),(146,5),(147,2),(149,12),(148,2),(150,12),(151,12),(152,5),(154,10),(155,1),(153,10),(157,10),(156,4),(159,1),(160,1),(158,12),(162,6),(161,5),(166,10),(163,1),(164,5),(165,5),(168,10),(171,2),(169,5),(167,5),(170,10),(172,10),(173,12),(176,2),(175,10),(177,7),(174,1),(178,4),(180,4),(179,11),(183,3),(181,11),(182,5),(186,2),(185,10),(184,10),(188,4),(190,12),(191,3),(189,6),(192,5),(187,10),(195,3),(194,7),(198,8),(193,12),(197,10),(196,11),(201,12),(203,11),(199,5),(202,5),(200,4),(204,6),(207,1),(206,6),(205,8),(208,10),(210,3),(213,3),(211,1),(209,1),(215,6),(214,5),(212,1),(216,6),(219,12),(217,6),(218,6),(220,1),(222,6),(221,5),(225,4),(223,2),(224,6),(226,1),(227,6),(229,5),(228,1),(232,6),(231,1),(230,5),(233,1),(234,12),(235,3),(236,11),(237,1),(238,1),(240,1),(239,1),(242,1),(245,1),(243,1),(241,1),(244,1),(249,3),(247,12),(246,2),(248,12),(250,2),(253,9),(254,9),(255,8),(256,8),(257,1),(257,3),(257,4),(257,5),(257,6),(257,11),(260,1),(260,6);
/*!40000 ALTER TABLE `recipetag` ENABLE KEYS */;
UNLOCK TABLES;

--
-- Table structure for table `tag`
--

DROP TABLE IF EXISTS `tag`;
/*!40101 SET @saved_cs_client     = @@character_set_client */;
/*!50503 SET character_set_client = utf8mb4 */;
CREATE TABLE `tag` (
  `id` int NOT NULL AUTO_INCREMENT,
  `name` varchar(30) NOT NULL,
  PRIMARY KEY (`id`)
) ENGINE=InnoDB AUTO_INCREMENT=18 DEFAULT CHARSET=utf8mb4 COLLATE=utf8mb4_0900_ai_ci;
/*!40101 SET character_set_client = @saved_cs_client */;

--
-- Dumping data for table `tag`
--

LOCK TABLES `tag` WRITE;
/*!40000 ALTER TABLE `tag` DISABLE KEYS */;
INSERT INTO `tag` VALUES (1,'한식'),(2,'양식'),(3,'일식'),(4,'중식'),(5,'퓨전'),(6,'집밥'),(7,'디저트'),(8,'빵/과자'),(9,'음료'),(10,'밑반찬'),(11,'메인디쉬'),(12,'기타');
/*!40000 ALTER TABLE `tag` ENABLE KEYS */;
UNLOCK TABLES;

--
-- Table structure for table `user`
--

DROP TABLE IF EXISTS `user`;
/*!40101 SET @saved_cs_client     = @@character_set_client */;
/*!50503 SET character_set_client = utf8mb4 */;
CREATE TABLE `user` (
  `id` int NOT NULL AUTO_INCREMENT,
  `email` varchar(30) NOT NULL,
  `nickname` varchar(20) NOT NULL,
  `password` varchar(100) NOT NULL,
  `img_url` varchar(200) DEFAULT NULL COMMENT '프로필 사진 url',
  `about_me` varchar(300) DEFAULT NULL COMMENT '자기소개 글',
  `is_active` tinyint(1) NOT NULL DEFAULT '1',
  `is_admin` tinyint(1) NOT NULL DEFAULT '0',
  PRIMARY KEY (`id`)
) ENGINE=InnoDB AUTO_INCREMENT=19 DEFAULT CHARSET=utf8mb4 COLLATE=utf8mb4_0900_ai_ci;
/*!40101 SET character_set_client = @saved_cs_client */;

--
-- Dumping data for table `user`
--

LOCK TABLES `user` WRITE;
/*!40000 ALTER TABLE `user` DISABLE KEYS */;
INSERT INTO `user` VALUES (1,'ssafy@ssafy.com','김싸피','$2b$12$qkNYfNeCf78Tze5IDBDV5.tyH73.EwUSCAo.Zn6bTRHliWJHhrTaK',NULL,'',1,1),(2,'holy_killer@naver.com','Chopin','$2b$12$4UJ7PlqdeMrijCQbs0AOwO.Ou0c//1cfzouRqKJZBI5jlaCpQHzjG','https://ssafyb303.s3.ap-northeast-2.amazonaws.com/3e52d8e2-1cd5-4684-bb06-799165049d88.jpg','INTP 고독한 미식가',1,0),(3,'user@user.com','user','$2b$12$ohZtNI0BNQ6mOTQPWj/aB.8fnmXq0UesNb5qJd/0Pmyl33dhDH56G',NULL,NULL,1,0),(7,'user1@ssafy.com','자취생','$2b$12$jLOU0j0GfV3LeHjdtD36ouTuwC48HivgoUUhds1BsH6r6Z6cn.5hm',NULL,NULL,1,0),(10,'hamelin92@gmail.com','아믈랭','$2b$12$NacIpUDNYv7l0acqJkRvhum9FJC.qhrYPnX0PZ0Kp6OXeJY548SpS','https://ssafyb303.s3.ap-northeast-2.amazonaws.com/b091482f-d6e5-4428-97b3-6f0f3c3acec5.jpg','I play second triangle in the postpostpostpunk band Tweezer Murgatroyd And The Wrecking Balls. I’m also a pianist.',1,0),(11,'hamelin92@naver.com','장진세','$2b$12$MAZgH4mXP1rK0vMR2xuy..UspyTSTcieLM3aM8YMtdwYp99FBLlmi','https://ssafyb303.s3.ap-northeast-2.amazonaws.com/1cbbb679-aaa1-4910-87be-7ce8ac5ff352.jpg','',1,0),(12,'jungjin717@naver.com','잘생긴사람','$2b$12$TGc4ifNfaUiXQlKB68GaweCc4kZSf069PBr48sC/12zf9P/yObw9i','https://ssafyb303.s3.ap-northeast-2.amazonaws.com/92c9618f-992c-4277-9859-250ca85ca68f.png','안녕하세요 반갑습니다.',1,0),(13,'test@test.com','빡종원','$2b$12$TkrolRMCGcQH8f6X6lYX2O3BMmXkgPV.hobPwJHgAp52SzEnyuMzC','https://ssafyb303.s3.ap-northeast-2.amazonaws.com/8c190a31-3fe0-4c8f-b040-f63659744a25.jpg','이... 이맛은?',1,0),(14,'gusxosmsdy@naver.com','현태는요','$2b$12$nfGlqzRHquPhBJtoh7I/3OyGQrISvukhTGMx.ySS/lOX1Bhc2ZyQG','https://ssafyb303.s3.ap-northeast-2.amazonaws.com/55b56dcc-882c-4879-a559-de54b70f8fac.jpg','3개월차 자취러입니다! 자취음식 잘 해먹습니다~ ',1,0),(15,'rang628@naver.com','직장인','$2b$12$P.0flhbP7prR3H9ZwmZa6uirYPbzJ5rPrLx1U0jJWCzRUi6NLYlOO','https://ssafyb303.s3.ap-northeast-2.amazonaws.com/472cc8ce-fa92-4dae-b6af-2c2b33d877fb.jpg','취업했어요',1,0),(16,'swoody1101@gmail.com','swoody','$2b$12$6PW5AQdgHgWchaYynAgr1e.XSGI0EIWse2voQQkOGSYGJV9XdL6y.','https://ssafyb303.s3.ap-northeast-2.amazonaws.com/6c323f10-39e4-4a8f-89da-275353ec2c27.jpg','안녕하세요 B303 팀원 이상우입니다. 잘 부탁드립니다.',1,0),(18,'popop09090@naver.com','jansue','$2b$12$lGdfcglxf8yejiEUX1ruGOHqSV90/n.43V/dkwYFpwEqWQ9Y73LHa',NULL,NULL,1,0);
/*!40000 ALTER TABLE `user` ENABLE KEYS */;
UNLOCK TABLES;
/*!40103 SET TIME_ZONE=@OLD_TIME_ZONE */;

/*!40101 SET SQL_MODE=@OLD_SQL_MODE */;
/*!40014 SET FOREIGN_KEY_CHECKS=@OLD_FOREIGN_KEY_CHECKS */;
/*!40014 SET UNIQUE_CHECKS=@OLD_UNIQUE_CHECKS */;
/*!40101 SET CHARACTER_SET_CLIENT=@OLD_CHARACTER_SET_CLIENT */;
/*!40101 SET CHARACTER_SET_RESULTS=@OLD_CHARACTER_SET_RESULTS */;
/*!40101 SET COLLATION_CONNECTION=@OLD_COLLATION_CONNECTION */;
/*!40111 SET SQL_NOTES=@OLD_SQL_NOTES */;

-- Dump completed on 2022-10-07 10:14:16
